Date,Rainfall [mm],Air Temperature [C],Wind Speed [m/s],Relative Humidity (%),Solar Radiation [MJ/m^2],Water Surface Temperature [C],NDTI,pH,COD (mg/L),BOD (mg/L),TSS,Oil & Grease (mg/L),Ammonical Nitrogen (mg/L),NDCI,Data_Split,NDCI_Predicted_ARIMAX,NDCI_Predicted_SARIMAX,NDCI_Predicted_XGBoost,NDCI_Predicted_LSTM
1/1/2020,0,10.62094205,1.809638481,72.977856,13.395416,14.04234973,-0.02891,7.8,1120,330,500,26.4,221,0.0716,Train,,,,
2/1/2020,0,14.0490935,2.256784863,74.38543424,13.2856155,16.35355972,-0.02869,7.8,1120,330,500,26.4,221,0.0722,Train,,,,
3/1/2020,2.208221555,14.43082517,0.508544669,75.774544,12.76487825,17.2187744,-0.02846,7.8,1120,330,500,26.4,221,0.0728,Train,,,,
4/1/2020,0,13.75128771,1.296588243,73.47793957,12.65030575,17.33604215,-0.02823,7.8,1120,330,500,26.4,221,0.0734,Train,,,,
5/1/2020,0,14.16736946,2.172828153,68.96907113,14.08028075,17.45330991,-0.028,7.8,1120,330,500,26.4,221,0.074,Train,,,,
6/1/2020,21.99834983,13.86316007,1.248824155,74.28589134,7.3962455,17.03424668,-0.0228,7.8,1120,330,500,26.4,221,0.0644,Train,,,,
7/1/2020,3.030420184,14.73510958,2.335140393,84.53724932,8.57309825,16.61518345,-0.0176,7.8,1120,330,500,26.4,221,0.0548,Train,,,,
8/1/2020,0,12.2173687,0.757959329,89.63748182,4.97215925,16.19612022,-0.0124,7.8,1120,330,500,26.4,221,0.0452,Train,,,,
9/1/2020,0,10.25576681,3.036283237,73.94690784,14.99589075,15.77705699,-0.0072,7.8,1120,330,500,26.4,221,0.0356,Train,,,,
10/1/2020,0,10.91692505,3.090784585,72.5729768,15.2725975,15.35799375,-0.002,7.8,1120,330,500,26.4,221,0.026,Train,,,,
11/1/2020,0,11.53279711,2.423804064,69.60794319,13.50847825,16.6587744,-0.015,7.8,1120,330,500,26.4,221,0.0254,Train,,,,
12/1/2020,0,12.671359,0.984105353,70.70827827,14.81058925,17.27154567,-0.028,7.8,1120,330,500,26.4,221,0.0248,Train,,,,
13-01-2020,2.236102045,15.31237501,1.161076476,80.91241882,11.642695,17.1432969,-0.041,7.8,1120,330,500,26.4,221,0.0242,Train,,,,
14-01-2020,0,13.58158773,1.99002097,85.67790793,8.1268895,17.01504814,-0.054,7.8,1120,330,500,26.4,221,0.0236,Train,,,,
15-01-2020,0,13.89441325,1.777459613,73.04907337,14.19625075,16.88679938,-0.067,7.8,1120,330,500,26.4,221,0.023,Train,,,,
16-01-2020,2.534645319,13.16430435,2.097214971,84.86577657,9.592423,16.19049805,-0.0663,7.8,1120,330,500,26.4,221,0.0212,Train,,,,
17-01-2020,0,12.8945315,1.46138999,86.59760331,9.8541555,15.49419672,-0.0656,7.8,1120,330,500,26.4,221,0.0194,Train,,,,
18-01-2020,0,12.10045904,1.42737221,84.52000602,10.21021275,15.21145043,-0.0649,7.8,1120,330,500,26.4,221,0.0176,Train,,,,
19-01-2020,0,11.77126083,2.450958085,82.82091614,14.73068575,14.92870414,-0.0642,7.8,1120,330,500,26.4,221,0.0158,Train,,,,
20-01-2020,0,12.28928274,1.709091565,82.30074001,12.96031,15.51346084,-0.0635,7.8,1120,330,500,26.4,221,0.014,Train,,,,
21-01-2020,0,12.92242521,0.828906965,80.95117376,14.2871865,16.09821754,-0.0628,7.8,1120,330,500,26.4,221,0.0122,Train,,,,
22-01-2020,0,13.17443364,3.054617218,77.321424,15.7254295,16.68297424,-0.0621,7.8,1120,330,500,26.4,221,0.0104,Train,,,,
23-01-2020,2.566428602,12.65393664,4.452138283,61.50383115,16.52526525,17.28766587,-0.0614,7.8,1120,330,500,26.4,221,0.0086,Train,,,,
24-01-2020,0,12.69128888,3.76502338,59.31680059,16.66051075,15.9480484,-0.0607,7.8,1120,330,500,26.4,221,0.0068,Train,,,,
25-01-2020,0,12.38391457,1.594520692,72.66121862,16.2433845,18.60261514,-0.06,7.8,1120,330,500,26.4,221,0.005,Train,,,,
26-01-2020,0,14.01824786,1.809164024,76.14234057,15.999165,18.22150664,-0.0602,7.8,1120,330,500,26.4,221,0.0108,Train,,,,
27-01-2020,0,14.95951042,2.132746719,74.72880225,11.54299525,18.17773354,-0.0604,7.8,1120,330,500,26.4,221,0.0166,Train,,,,
28-01-2020,0,14.56656672,2.044149154,84.88419936,11.3856805,18.13396045,-0.0606,7.8,1120,330,500,26.4,221,0.0224,Train,,,,
29-01-2020,0,12.89215368,1.856648283,79.17904165,12.95874325,18.09018735,-0.0608,7.8,1120,330,500,26.4,221,0.0282,Train,,,,
30-01-2020,0,12.91028875,3.147626826,71.42735738,16.42936225,17.71396483,-0.061,7.8,1120,330,500,26.4,221,0.034,Train,,,,
31-01-2020,0,12.11140594,1.976353205,74.97399334,16.29203125,17.98336456,-0.055,7.8,1120,330,500,26.4,221,0.0324,Train,,,,
1/2/2020,0,12.24197731,1.81701473,72.65632317,16.0172875,16.83997658,-0.049,7.8,1120,330,500,26.4,221,0.0308,Train,,,,
2/2/2020,0,12.18245786,2.845120196,74.4640043,17.399877,17.87441842,-0.043,7.8,1120,330,500,26.4,221,0.0292,Train,,,,
3/2/2020,0,12.49901416,1.299779287,71.43701556,17.62830175,19.14623731,-0.037,7.8,1120,330,500,26.4,221,0.0276,Train,,,,
4/2/2020,0,12.83560905,1.040071937,72.10799186,17.2392055,17.60968774,-0.031,7.8,1120,330,500,26.4,221,0.026,Train,,,,
5/2/2020,0,13.15429141,2.90244672,70.40633146,17.09781175,19.41565183,-0.0322,7.8,1120,330,500,26.4,221,0.0182,Train,,,,
6/2/2020,0,11.9361702,0.894810156,71.03172107,17.7165645,18.42389539,-0.0334,7.8,1120,330,500,26.4,221,0.0104,Train,,,,
7/2/2020,0,12.53368467,1.856915917,68.70019006,15.89938475,18.30862607,-0.0346,7.8,1120,330,500,26.4,221,0.0026,Train,,,,
8/2/2020,0,12.69308243,2.31312862,70.82773385,18.0331615,17.31096799,-0.0358,7.8,1120,330,500,26.4,221,-0.0052,Train,,,,
9/2/2020,0,13.21234856,2.036692258,69.22438387,18.32396675,18.91251366,-0.037,7.8,1120,330,500,26.4,221,-0.013,Train,,,,
10/2/2020,0,13.20094515,2.078863726,68.83005989,18.54807825,18.2828025,-0.0358,7.8,1120,330,500,26.4,221,-0.0082,Train,,,,
11/2/2020,0,13.68181445,2.136909603,67.7122657,18.57356375,19.91001561,-0.0346,7.8,1120,330,500,26.4,221,-0.0034,Train,,,,
12/2/2020,0,16.78157578,3.824779382,61.49938953,18.1514475,19.99129586,-0.0334,7.8,1120,330,500,26.4,221,0.0014,Train,,,,
13-02-2020,0,19.3681516,4.572538709,58.60182862,18.25307025,21.48898517,-0.0322,7.8,1120,330,500,26.4,221,0.0062,Train,,,,
14-02-2020,0,17.82064781,4.984336479,50.86986451,19.13341275,21.95697892,-0.031,7.8,1120,330,500,26.4,221,0.011,Train,,,,
15-02-2020,0,17.15005582,3.877826427,48.00081366,19.41417263,21.74010148,-0.0353,7.8,1120,330,500,26.4,221,0.015,Train,,,,
16-02-2020,0,16.67586225,2.518343513,58.7262558,19.53929863,22.7201171,-0.0396,7.8,1120,330,500,26.4,221,0.019,Train,,,,
17-02-2020,0,17.22818464,3.158937366,50.7479933,19.6012005,22.879274,-0.0439,7.8,1120,330,500,26.4,221,0.023,Train,,,,
18-02-2020,0,17.76725159,2.389092104,46.52903267,19.8796475,22.68022639,-0.0482,7.8,1120,330,500,26.4,221,0.027,Train,,,,
19-02-2020,0,18.55533625,3.903972834,55.14234985,17.58442513,20.97060056,-0.0525,7.8,1120,330,500,26.4,221,0.031,Train,,,,
20-02-2020,12.63836871,19.92700411,3.714069251,64.95514295,18.3569005,19.26097473,-0.0568,7.8,1120,330,500,26.4,221,0.035,Train,,,,
21-02-2020,0,15.86449649,3.111859301,89.37726042,4.811064875,19.65038198,-0.0611,7.8,1120,330,500,26.4,221,0.039,Train,,,,
22-02-2020,0,17.41678327,1.369694412,81.28352476,13.53878013,20.03978923,-0.0654,7.8,1120,330,500,26.4,221,0.043,Train,,,,
23-02-2020,0,17.44776433,1.556710855,80.67564573,17.34993725,22.98595628,-0.0697,7.8,1120,330,500,26.4,221,0.047,Train,,,,
24-02-2020,0,17.79723384,2.16191055,74.53932871,18.077964,23.16995316,-0.074,7.8,1120,330,500,26.4,221,0.051,Train,,,,
25-02-2020,0,18.10584984,2.074756483,72.58354043,19.39748238,22.46094457,-0.0722,7.8,1120,330,500,26.4,221,0.04973,Train,,,,
26-02-2020,0,18.18057849,0.508626965,71.94478055,19.06376688,22.53260734,-0.0704,7.8,1120,330,500,26.4,221,0.04847,Train,,,,
27-02-2020,1.693150277,19.16478055,1.869504172,74.22065609,17.9304285,22.6042701,-0.0686,7.8,1120,330,500,26.4,221,0.0472,Train,,,,
28-02-2020,0,20.33104159,3.518132464,73.85549768,15.99458525,22.67593286,-0.0668,7.8,1120,330,500,26.4,221,0.04593,Train,,,,
29-02-2020,7.653997451,18.42295354,2.512470076,85.32968629,11.91910612,22.74759563,-0.065,7.8,1120,330,500,26.4,221,0.04467,Train,,,,
1/3/2020,0,19.10480207,0.920448818,78.2586725,17.33028325,22.81925839,-0.0632,5.8,592,194,370,28.4,221,0.0434,Train,,,,
2/3/2020,0,19.41909752,1.127286246,77.05885752,19.357338,22.73814988,-0.0614,5.8,592,194,370,28.4,221,0.04213,Train,,,,
3/3/2020,0,19.52015521,1.444589711,66.51982801,20.25985584,25.60063232,-0.0596,5.8,592,194,370,28.4,221,0.04087,Train,,,,
4/3/2020,0,19.01330592,1.492706141,75.35534286,18.47904735,23.51582467,-0.0578,5.8,592,194,370,28.4,221,0.0396,Train,,,,
5/3/2020,19.41217915,17.67067553,2.569543505,83.24430372,18.10113832,21.43101703,-0.056,5.8,592,194,370,28.4,221,0.03833,Train,,,,
6/3/2020,0,15.79313749,4.341476847,89.52121767,9.382604313,19.34620939,-0.0542,5.8,592,194,370,28.4,221,0.03707,Train,,,,
7/3/2020,0,16.29318835,1.128310224,80.034072,15.31261444,21.05624677,-0.0524,5.8,592,194,370,28.4,221,0.0358,Train,,,,
8/3/2020,0,16.71152077,2.37505208,73.69967352,20.47361113,22.76628415,-0.0506,5.8,592,194,370,28.4,221,0.03453,Train,,,,
9/3/2020,0,16.98876915,3.432340542,64.52426456,22.67737081,23.64172521,-0.0488,5.8,592,194,370,28.4,221,0.03327,Train,,,,
10/3/2020,0,17.84225108,0.706018004,64.43790618,22.22049219,24.14150664,-0.047,5.8,592,194,370,28.4,221,0.032,Train,,,,
11/3/2020,0,19.47799009,3.833768351,73.61657864,17.58106994,22.67710128,-0.049,5.8,592,194,370,28.4,221,0.0338,Train,,,,
12/3/2020,0,19.77454783,2.822138704,65.49754217,20.12527406,22.50886027,-0.051,5.8,592,194,370,28.4,221,0.0356,Train,,,,
13-03-2020,0,18.06284294,1.86520788,74.39814242,21.31825644,22.10411397,-0.053,5.8,592,194,370,28.4,221,0.0374,Train,,,,
14-03-2020,19.70088909,15.62484639,0.285076022,85.5916339,14.32177569,17.87,-0.055,5.8,592,194,370,28.4,221,0.0392,Train,,,,
15-03-2020,0,15.91568082,1.345128139,73.87059798,18.08204619,20.99505855,-0.057,5.8,592,194,370,28.4,221,0.041,Train,,,,
16-03-2020,0,18.48250923,2.485183265,71.15805917,21.50985006,23.85006245,-0.0517,5.8,592,194,370,28.4,221,0.0405,Train,,,,
17-03-2020,0,19.36530902,2.816199988,65.886857,23.32762369,25.66205308,-0.0464,5.8,592,194,370,28.4,221,0.04,Train,,,,
18-03-2020,0,20.69152095,2.394607997,68.08893924,22.92470138,26.68501952,-0.0411,5.8,592,194,370,28.4,221,0.0395,Train,,,,
19-03-2020,0,21.19146182,0.854402646,67.80094153,22.25813206,25.92247463,-0.0358,5.8,592,194,370,28.4,221,0.039,Train,,,,
20-03-2020,0.493716349,22.41735357,1.097461515,65.4443678,21.00261013,25.96726634,-0.0305,5.8,592,194,370,28.4,221,0.0385,Train,,,,
21-03-2020,0,21.86211548,0.961662055,72.15704042,21.4142665,26.01205805,-0.0252,5.8,592,194,370,28.4,221,0.038,Train,,,,
22-03-2020,0,22.53642362,1.626789792,62.49624105,23.05173225,27.77149883,-0.0199,5.8,592,194,370,28.4,221,0.0375,Train,,,,
23-03-2020,0,22.76312027,0.778893063,62.22466571,23.223428,29.2973224,-0.0146,5.8,592,194,370,28.4,221,0.037,Train,,,,
24-03-2020,5.656763812,22.95461871,0.419946252,70.42552814,19.06793563,30.09667447,-0.0093,5.8,592,194,370,28.4,221,0.0365,Train,,,,
25-03-2020,0,23.59514961,2.509777448,58.42593244,22.1706935,30.89602654,-0.004,5.8,592,194,370,28.4,221,0.036,Train,,,,
26-03-2020,0,23.05886485,3.089895984,62.51156471,15.31219588,29.8418241,-0.0142,5.8,592,194,370,28.4,221,0.0334,Train,,,,
27-03-2020,0,20.68599981,0.189619657,78.09507392,12.57344137,28.78762165,-0.0244,5.8,592,194,370,28.4,221,0.0308,Train,,,,
28-03-2020,0,21.04750786,2.751793255,68.23897477,23.99279463,27.7334192,-0.0346,5.8,592,194,370,28.4,221,0.0282,Train,,,,
29-03-2020,0,21.95827255,3.655168378,54.4988147,24.07832513,27.95021858,-0.0448,5.8,592,194,370,28.4,221,0.0256,Train,,,,
30-03-2020,0,21.87002207,3.130389436,56.07679267,24.58960075,29.20352069,-0.055,5.8,592,194,370,28.4,221,0.023,Train,,,,
31-03-2020,0,23.14257202,2.126577793,56.57591709,22.10996763,27.37117096,-0.057,5.8,592,194,370,28.4,221,0.026,Train,,,,
1/4/2020,0,23.85609779,2.279084747,53.40353041,22.99162113,29.68236534,-0.059,5.8,592,194,370,28.4,221,0.029,Train,,,,
2/4/2020,0,22.85669352,3.479247581,46.29509746,25.22025463,29.92481655,-0.061,5.8,592,194,370,28.4,221,0.032,Train,,,,
3/4/2020,0,21.8900327,2.996311383,46.37544343,26.03434238,30.51123341,-0.063,5.8,592,194,370,28.4,221,0.035,Train,,,,
4/4/2020,0,22.9981444,2.622939886,48.07555818,25.7667985,30.60786105,-0.065,5.8,592,194,370,28.4,221,0.038,Train,,,,
5/4/2020,0,24.85830714,1.179072148,48.47580706,24.700092,28.81112412,-0.06547,5.8,592,194,370,28.4,221,0.0416,Train,,,,
6/4/2020,0,25.97317594,2.449039337,39.30423808,24.95210325,33.24572209,-0.06593,5.8,592,194,370,28.4,221,0.0452,Train,,,,
7/4/2020,2.431790148,25.08087502,2.992305089,43.54064398,25.00367,27.22142091,-0.0664,5.8,592,194,370,28.4,221,0.0488,Train,,,,
8/4/2020,0,24.70855865,2.938358928,44.14341186,25.23707938,29.90278689,-0.06687,5.8,592,194,370,28.4,221,0.0524,Train,,,,
9/4/2020,0,24.57257169,2.377955469,45.1335689,26.13450663,23.59309469,-0.06733,5.8,592,194,370,28.4,221,0.056,Train,,,,
10/4/2020,0,26.21798668,1.255279047,45.45082829,24.09544538,27.18423592,-0.0678,5.8,592,194,370,28.4,221,0.0596,Train,,,,
11/4/2020,0,27.46961492,2.134598997,42.48122482,25.67010625,33.29638564,-0.06827,5.8,592,194,370,28.4,221,0.0632,Train,,,,
12/4/2020,0,27.55760345,2.664678186,42.15256504,25.88900275,32.18274622,-0.06873,5.8,592,194,370,28.4,221,0.0668,Train,,,,
13-04-2020,0,29.18299637,2.485719056,39.70636289,25.05507925,31.0691068,-0.0692,5.8,592,194,370,28.4,221,0.0704,Train,,,,
14-04-2020,0,29.69027227,1.474628265,41.58379428,23.42366625,29.95546738,-0.06967,5.8,592,194,370,28.4,221,0.074,Train,,,,
15-04-2020,0,28.78350283,1.220023381,42.97740358,22.84017225,28.84182796,-0.07013,5.8,592,194,370,28.4,221,0.0776,Train,,,,
16-04-2020,0,29.92520167,2.566332814,31.29472627,25.06645075,34.14584699,-0.0706,5.8,592,194,370,28.4,221,0.0812,Train,,,,
17-04-2020,0,28.74619637,2.120939795,36.94505916,21.29195225,31.24698207,-0.07107,5.8,592,194,370,28.4,221,0.0848,Train,,,,
18-04-2020,3.152709931,28.14663531,1.367499429,40.42085436,24.16939863,28.34811715,-0.07153,5.8,592,194,370,28.4,221,0.0884,Train,,,,
19-04-2020,0,27.54795926,2.558183237,37.59250513,25.25994163,21.01115068,-0.072,5.8,592,194,370,28.4,221,0.092,Train,,,,
20-04-2020,3.152709931,25.96990929,0.201454965,47.8641945,21.28746063,26.68941219,-0.0754,5.8,592,194,370,28.4,221,0.0958,Train,,,,
21-04-2020,0,26.04375356,0.889904672,47.36958529,25.61667025,32.36767369,-0.0788,5.8,592,194,370,28.4,221,0.0996,Train,,,,
22-04-2020,0,27.44116872,0.695969926,38.30444568,26.5613285,34.04676815,-0.0822,5.8,592,194,370,28.4,221,0.1034,Train,,,,
23-04-2020,0,28.05314789,2.078956063,37.83271709,21.30829088,34.189758,-0.0856,5.8,592,194,370,28.4,221,0.1072,Train,,,,
24-04-2020,0,28.70812378,0.733688465,38.70375721,24.31726875,34.33274785,-0.089,5.8,592,194,370,28.4,221,0.111,Train,,,,
25-04-2020,0,28.00363757,1.823563092,46.13067516,22.86087588,33.10238013,-0.0894,5.8,592,194,370,28.4,221,0.108,Train,,,,
26-04-2020,0,26.22429873,3.607486833,64.0318615,22.380409,31.8720124,-0.0898,5.8,592,194,370,28.4,221,0.105,Train,,,,
27-04-2020,0,24.33470879,3.445919815,74.22888832,20.27203313,30.64164468,-0.0902,5.8,592,194,370,28.4,221,0.102,Train,,,,
28-04-2020,0,26.45591125,0.906388879,63.74083495,23.28595663,28.61419459,-0.0906,5.8,592,194,370,28.4,221,0.099,Train,,,,
29-04-2020,0,28.07422536,1.32333516,56.53875524,24.97464163,33.27557377,-0.091,5.8,592,194,370,28.4,221,0.096,Train,,,,
30-04-2020,6.584755679,28.10727908,1.347350987,57.23238072,24.82483575,32.85407494,-0.0859,5.8,592,194,370,28.4,221,0.0959,Train,,,,
1/5/2020,0,29.05368131,1.61725556,55.54925843,26.3713945,35.51924278,-0.0808,8.2,420,138,269,24.8,42.2,0.0958,Train,,,,
2/5/2020,3.58768856,29.34122747,3.977668086,57.145754,25.969946,29.65583919,-0.0757,8.2,420,138,269,24.8,42.2,0.0957,Train,,,,
3/5/2020,14.35075424,28.96078199,2.634573874,57.30018332,20.20259863,30.92479573,-0.0706,8.2,420,138,269,24.8,42.2,0.0956,Train,,,,
4/5/2020,0,27.95833295,1.323953604,60.31907012,24.59370325,32.19375228,-0.0655,8.2,420,138,269,24.8,42.2,0.0955,Train,,,,
5/5/2020,0,28.30366033,0.365679586,50.40631711,25.68276313,33.46270882,-0.0604,8.2,420,138,269,24.8,42.2,0.0954,Train,,,,
6/5/2020,0,27.88711192,1.585226545,48.63097807,25.83937188,24.85024096,-0.0553,8.2,420,138,269,24.8,42.2,0.0953,Train,,,,
7/5/2020,0,28.78358612,1.229606782,41.64078903,27.3416285,32.43062451,-0.0502,8.2,420,138,269,24.8,42.2,0.0952,Train,,,,
8/5/2020,0,30.01509628,0.845201309,41.38605133,27.18081875,36.28387978,-0.0451,8.2,420,138,269,24.8,42.2,0.0951,Train,,,,
9/5/2020,2.604054004,30.31603203,1.86131479,48.74270998,26.6046535,33.17049961,-0.04,8.2,420,138,269,24.8,42.2,0.095,Train,,,,
10/5/2020,5.208108008,29.21140124,3.092897677,58.85906335,24.88530925,31.75176634,-0.0442,8.2,420,138,269,24.8,42.2,0.0968,Train,,,,
11/5/2020,0,29.02227872,2.114907425,57.3174043,24.57004588,30.33303307,-0.0484,8.2,420,138,269,24.8,42.2,0.0986,Train,,,,
12/5/2020,0,29.26641998,1.45997811,55.73674504,25.114384,30.14717167,-0.0526,8.2,420,138,269,24.8,42.2,0.1004,Train,,,,
13-05-2020,0,29.59079577,0.609325247,54.23144574,23.0207905,29.96131027,-0.0568,8.2,420,138,269,24.8,42.2,0.1022,Train,,,,
14-05-2020,1.65432852,29.6247097,0.881860367,56.18631318,26.350574,29.77544887,-0.061,8.2,420,138,269,24.8,42.2,0.104,Train,,,,
15-05-2020,0,30.92944107,3.087507661,37.12960143,27.12240125,34.57412178,-0.063,8.2,420,138,269,24.8,42.2,0.1081,Train,,,,
16-05-2020,0,30.59558258,3.080843826,32.80457628,28.23765675,37.01034348,-0.065,8.2,420,138,269,24.8,42.2,0.1122,Train,,,,
17-05-2020,0,31.14572169,1.922695867,31.1272219,26.57888575,38.91424668,-0.067,8.2,420,138,269,24.8,42.2,0.1163,Train,,,,
18-05-2020,0,30.73996506,2.525044012,24.68472405,28.3816615,34.86845433,-0.069,8.2,420,138,269,24.8,42.2,0.1204,Train,,,,
19-05-2020,0,31.01659673,2.476664257,20.54095785,27.5752835,36.49532397,-0.071,8.2,420,138,269,24.8,42.2,0.1245,Train,,,,
20-05-2020,0,30.80979881,3.473011504,23.65425816,28.8168555,36.90619048,-0.073,8.2,420,138,269,24.8,42.2,0.1286,Train,,,,
21-05-2020,0,32.03220901,3.397098866,23.78351173,28.94198775,38.67051522,-0.075,8.2,420,138,269,24.8,42.2,0.1327,Train,,,,
22-05-2020,0.013712618,33.20089175,0.271144598,28.23687051,28.34902325,39.58854801,-0.077,8.2,420,138,269,24.8,42.2,0.1368,Train,,,,
23-05-2020,0,33.52198499,0.751234512,34.55846982,26.32563475,31.29512635,-0.079,8.2,420,138,269,24.8,42.2,0.1409,Train,,,,
24-05-2020,0.129647657,34.45258675,2.71017588,25.63924326,27.946155,38.92864169,-0.081,8.2,420,138,269,24.8,42.2,0.145,Train,,,,
25-05-2020,0.418828108,34.92936478,2.635021483,22.3603736,28.2963625,38.92545667,-0.0854,8.2,420,138,269,24.8,42.2,0.1507,Train,,,,
26-05-2020,0,35.52615954,1.50979968,22.8234764,27.47385225,40.88594067,-0.0898,8.2,420,138,269,24.8,42.2,0.1564,Train,,,,
27-05-2020,0,34.82593689,1.05867808,28.70072821,27.1616475,37.79757221,-0.0942,8.2,420,138,269,24.8,42.2,0.1621,Train,,,,
28-05-2020,0,32.54863828,4.508186245,46.41364129,25.28197625,34.57138322,-0.0986,8.2,420,138,269,24.8,42.2,0.1678,Train,,,,
29-05-2020,18.27464473,29.43085823,3.906449069,58.39859372,24.11167875,31.34519423,-0.103,8.2,420,138,269,24.8,42.2,0.1735,Train,,,,
30-05-2020,0,26.96866315,2.782463876,71.00497689,20.01410375,28.11900524,-0.1074,8.2,420,138,269,24.8,42.2,0.1792,Train,,,,
31-05-2020,0,27.20501798,1.256226041,68.60765088,22.349351,29.92168339,-0.1118,8.2,420,138,269,24.8,42.2,0.1849,Train,,,,
1/6/2020,0.214332162,28.30675723,1.019004769,62.55717757,26.8139965,31.72436155,-0.1162,8.2,420,138,269,24.8,42.2,0.1906,Train,,,,
2/6/2020,0.468081826,28.90284564,0.713546667,60.79508581,25.3630055,33.52703971,-0.1206,8.2,420,138,269,24.8,42.2,0.1963,Train,,,,
3/6/2020,0.165380773,29.52577871,0.804775486,56.94114954,24.8129225,32.47374656,-0.125,8.2,420,138,269,24.8,42.2,0.202,Train,,,,
4/6/2020,16.14144721,28.69261894,1.275699957,61.83995042,18.0732585,32.44951575,-0.1284,8.2,420,138,269,24.8,42.2,0.1984,Train,,,,
5/6/2020,0.84167067,28.14165014,0.871923514,65.06342785,24.06107475,32.42528493,-0.1318,8.2,420,138,269,24.8,42.2,0.1948,Train,,,,
6/6/2020,0,29.31669579,0.699342972,59.04762582,25.19356425,30.260242,-0.1352,8.2,420,138,269,24.8,42.2,0.1912,Train,,,,
7/6/2020,0,29.73110097,0.706573669,63.01993221,25.27287575,30.50566745,-0.1386,8.2,420,138,269,24.8,42.2,0.1876,Train,,,,
8/6/2020,0,31.01050466,0.988722895,56.87515187,25.1765615,30.7510929,-0.142,8.2,420,138,269,24.8,42.2,0.184,Train,,,,
9/6/2020,0,32.32166443,1.687125938,52.20091528,23.980627,35.63565183,-0.1258,8.2,420,138,269,24.8,42.2,0.1638,Train,,,,
10/6/2020,10.13521552,33.13917376,1.47262441,52.14142807,24.859478,32.10209992,-0.1096,8.2,420,138,269,24.8,42.2,0.1436,Train,,,,
11/6/2020,0.181880823,32.97907664,1.323206721,55.0154605,24.68995225,34.08617486,-0.0934,8.2,420,138,269,24.8,42.2,0.1234,Train,,,,
12/6/2020,0.185278077,33.87315521,1.712999016,50.88619731,24.6318685,32.22238095,-0.0772,8.2,420,138,269,24.8,42.2,0.1032,Train,,,,
13-06-2020,17.50386558,32.7821092,2.072803018,59.45562159,21.022099,30.82861013,-0.061,8.2,420,138,269,24.8,42.2,0.083,Train,,,,
14-06-2020,0.411023236,33.06275902,0.888862993,55.99489931,21.434203,33.85232631,-0.0638,8.2,420,138,269,24.8,42.2,0.102,Train,,,,
15-06-2020,0.023024649,34.12146784,0.260670142,42.9412221,26.0364675,32.53023419,-0.0666,8.2,420,138,269,24.8,42.2,0.121,Train,,,,
16-06-2020,0,34.10492477,1.489472639,45.26007376,23.810877,34.82629977,-0.0694,8.2,420,138,269,24.8,42.2,0.14,Train,,,,
17-06-2020,0,33.7554985,2.168151012,49.92241408,26.1044775,31.47448087,-0.0722,8.2,420,138,269,24.8,42.2,0.159,Train,,,,
18-06-2020,0,34.54377454,1.968344634,48.5143678,26.25224825,36.98419204,-0.075,8.2,420,138,269,24.8,42.2,0.178,Train,,,,
19-06-2020,0,34.93308411,1.449986776,50.80039539,25.0919805,34.13747305,-0.07487,8.2,420,138,269,24.8,42.2,0.17167,Train,,,,
20-06-2020,0,33.98350169,0.638441499,53.32589778,22.6788885,31.29075407,-0.07473,8.2,420,138,269,24.8,42.2,0.16533,Train,,,,
21-06-2020,0,32.90344264,1.155465145,56.42770628,24.70233575,28.44403509,-0.0746,8.2,420,138,269,24.8,42.2,0.159,Train,,,,
22-06-2020,0,32.23929621,1.407467892,57.32362417,22.849991,31.56883357,-0.07447,8.2,420,138,269,24.8,42.2,0.15267,Train,,,,
23-06-2020,0,30.31677081,3.487509578,70.03168289,21.02696925,32.03720052,-0.07433,8.2,420,138,269,24.8,42.2,0.14633,Train,,,,
24-06-2020,0,29.53361155,2.597764427,76.44761411,16.7348045,32.50556747,-0.0742,8.2,420,138,269,24.8,42.2,0.14,Train,,,,
25-06-2020,0,31.86365407,0.315768432,66.11511318,23.830987,32.97393443,-0.07407,8.2,420,138,269,24.8,42.2,0.13367,Train,,,,
26-06-2020,0,32.34131139,2.729892388,62.16325078,19.34842775,31.85229508,-0.07393,8.2,420,138,269,24.8,42.2,0.12733,Train,,,,
27-06-2020,0,33.30716476,2.889305705,57.120316,21.79736625,30.73065574,-0.0738,8.2,420,138,269,24.8,42.2,0.121,Train,,,,
28-06-2020,0,34.80461718,2.382465302,50.25548051,21.56117875,29.60901639,-0.07367,8.2,420,138,269,24.8,42.2,0.11467,Train,,,,
29-06-2020,17.15531882,32.5802475,2.314408655,62.26316249,21.88175675,30.51302498,-0.07353,8.2,420,138,269,24.8,42.2,0.10833,Train,,,,
30-06-2020,0,31.5684995,2.646390595,64.64040309,21.07748875,31.41703357,-0.0734,8.2,420,138,269,24.8,42.2,0.102,Train,,,,
1/7/2020,11.53051305,32.70993004,1.483683196,59.40263678,23.8458635,32.32104215,-0.07327,7.1,184,60,152,28.4,98,0.09567,Train,,,,
2/7/2020,0,34.58057429,0.814536738,53.73509869,23.64135325,33.22505074,-0.07313,7.1,184,60,152,28.4,98,0.08933,Train,,,,
3/7/2020,32.85579205,33.92048353,2.710950403,59.98963374,23.86318325,32.95213449,-0.073,7.1,184,60,152,28.4,98,0.083,Train,,,,
4/7/2020,9.794764598,31.01933823,3.758262637,69.70977226,19.447602,32.67921824,-0.072,7.1,184,60,152,28.4,98,0.0867,Train,,,,
5/7/2020,10.66263882,30.49411608,2.791298939,66.5423193,16.841143,32.406302,-0.071,7.1,184,60,152,28.4,98,0.0904,Train,,,,
6/7/2020,0,30.72850507,2.949426956,67.98908286,22.38333363,32.13338575,-0.07,7.1,184,60,152,28.4,98,0.0941,Train,,,,
7/7/2020,0,28.11233292,4.147790234,79.34059698,15.07899538,31.8604695,-0.069,7.1,184,60,152,28.4,98,0.0978,Train,,,,
8/7/2020,13.35766891,28.7704731,2.571824688,81.93593026,13.6564245,31.58755325,-0.068,7.1,184,60,152,28.4,98,0.1015,Train,,,,
9/7/2020,0,30.14469109,1.680786217,76.45375016,14.508448,31.314637,-0.067,7.1,184,60,152,28.4,98,0.1052,Train,,,,
10/7/2020,14.1737087,32.59294408,2.978269408,61.45737862,21.107981,30.23405152,-0.066,7.1,184,60,152,28.4,98,0.1089,Train,,,,
11/7/2020,8.468970935,32.01368866,2.229747351,63.61398768,21.52004713,29.15346604,-0.065,7.1,184,60,152,28.4,98,0.1126,Train,,,,
12/7/2020,0,30.01622416,2.148805,72.42902527,18.62636525,31.59455894,-0.064,7.1,184,60,152,28.4,98,0.1163,Train,,,,
13-07-2020,0,31.90194028,2.10226686,64.26927831,22.45188825,34.03565183,-0.063,7.1,184,60,152,28.4,98,0.12,Train,,,,
14-07-2020,0,32.40595207,0.648295019,63.92105862,22.10205625,33.481252,-0.06335,7.1,184,60,152,28.4,98,0.1186,Train,,,,
15-07-2020,0,30.46451594,3.546835352,71.53533781,19.752295,32.92685216,-0.0637,7.1,184,60,152,28.4,98,0.1172,Train,,,,
16-07-2020,3.908430104,30.50173976,3.223237538,72.06112202,19.98621738,32.37245232,-0.06405,7.1,184,60,152,28.4,98,0.1158,Train,,,,
17-07-2020,8.299219787,30.56029409,2.662749983,74.98133157,18.53585663,31.81805249,-0.0644,7.1,184,60,152,28.4,98,0.1144,Train,,,,
18-07-2020,2.49864761,30.87522087,1.802813516,75.42174088,18.6611415,31.26365265,-0.06475,7.1,184,60,152,28.4,98,0.113,Train,,,,
19-07-2020,7.159994493,29.6033385,2.3809786,80.32130521,13.57515125,30.70925281,-0.0651,7.1,184,60,152,28.4,98,0.1116,Train,,,,
20-07-2020,28.80936805,28.90209923,1.414065563,80.61663455,15.13957262,30.15485298,-0.06545,7.1,184,60,152,28.4,98,0.1102,Train,,,,
21-07-2020,21.81713363,27.80143509,0.278828839,84.89965928,15.68421825,29.60045314,-0.0658,7.1,184,60,152,28.4,98,0.1088,Train,,,,
22-07-2020,10.90856681,26.28997383,2.575765703,86.66071581,12.10953038,29.0460533,-0.06615,7.1,184,60,152,28.4,98,0.1074,Train,,,,
23-07-2020,0,29.18411471,0.339051323,75.34838685,22.35499363,28.49165347,-0.0665,7.1,184,60,152,28.4,98,0.106,Train,,,,
24-07-2020,0,29.25110524,2.000090101,75.54415671,20.573663,27.93725363,-0.06685,7.1,184,60,152,28.4,98,0.1046,Train,,,,
25-07-2020,0,28.94769694,2.389480477,80.4590314,19.41847088,27.38285379,-0.0672,7.1,184,60,152,28.4,98,0.1032,Train,,,,
26-07-2020,0,29.74252853,0.320005055,78.0429716,18.50088463,30.02678599,-0.06755,7.1,184,60,152,28.4,98,0.1018,Train,,,,
27-07-2020,0,30.72473679,2.729786374,72.87887097,19.90138213,32.67071819,-0.0679,7.1,184,60,152,28.4,98,0.1004,Train,,,,
28-07-2020,20.95362234,31.18472061,2.089197652,70.67942579,20.94018463,31.88196461,-0.06825,7.1,184,60,152,28.4,98,0.099,Train,,,,
29-07-2020,33.0207969,29.85768979,1.199126489,75.03339559,17.72287688,31.09321103,-0.0686,7.1,184,60,152,28.4,98,0.0976,Train,,,,
30-07-2020,0,28.78811989,1.636306667,80.36641742,17.3817555,30.30445746,-0.06895,7.1,184,60,152,28.4,98,0.0962,Train,,,,
31-07-2020,3.626726747,29.58556328,0.330790897,80.03259953,19.612331,29.51570388,-0.0693,7.1,184,60,152,28.4,98,0.0948,Train,,,,
1/8/2020,7.913675149,29.30133781,0.548939353,81.85142598,14.9987975,28.7269503,-0.06965,7.2,268,88,176,20,578,0.0934,Train,,,,
2/8/2020,3.931368887,30.84061012,1.526065644,73.49975799,21.08322013,27.93819672,-0.07,7.2,268,88,176,20,578,0.092,Train,,,,
3/8/2020,2.937975168,31.27508062,1.294309968,72.67671896,19.77221625,27.61730582,-0.07195,7.2,268,88,176,20,578,0.09528,Train,,,,
4/8/2020,0,31.15462964,0.527367315,75.45810936,19.74679438,27.29641492,-0.0739,7.2,268,88,176,20,578,0.09855,Train,,,,
5/8/2020,15.8273503,29.78906021,2.26366275,79.55420895,14.33343938,26.97552402,-0.07585,7.2,268,88,176,20,578,0.10182,Train,,,,
6/8/2020,0,30.76813405,6.037207999,68.42708118,21.53112275,26.65463313,-0.0778,7.2,268,88,176,20,578,0.1051,Train,,,,
7/8/2020,0,30.13614299,3.211810034,75.11557143,20.01415613,26.33374223,-0.07975,7.2,268,88,176,20,578,0.10838,Train,,,,
8/8/2020,0,30.42698949,0.428358236,78.61080768,21.2483465,26.01285133,-0.0817,7.2,268,88,176,20,578,0.11165,Train,,,,
9/8/2020,11.29864643,28.74452044,0.769369157,86.99324901,11.0544375,25.69196043,-0.08365,7.2,268,88,176,20,578,0.11492,Train,,,,
10/8/2020,4.724046042,28.25495872,1.414340553,87.20164429,9.076045375,25.37106953,-0.0856,7.2,268,88,176,20,578,0.1182,Train,,,,
11/8/2020,12.63218846,29.39653867,1.137664536,83.30051467,15.98199213,25.05017863,-0.08755,7.2,268,88,176,20,578,0.12148,Train,,,,
12/8/2020,10.11851704,28.83412514,0.424257957,86.58930301,12.48583413,24.72928773,-0.0895,7.2,268,88,176,20,578,0.12475,Train,,,,
13-08-2020,15.17777598,26.43283297,1.725642053,95.19388104,4.82523125,24.40839683,-0.09145,7.2,268,88,176,20,578,0.12802,Train,,,,
14-08-2020,0,26.78769455,3.150079195,91.60136514,7.40414425,24.08750594,-0.0934,7.2,268,88,176,20,578,0.1313,Train,,,,
15-08-2020,0,28.39666519,2.732762033,84.36095632,14.58056938,23.76661504,-0.09535,7.2,268,88,176,20,578,0.13458,Train,,,,
16-08-2020,0,29.1023098,2.505535808,83.28063484,17.32428975,23.44572414,-0.0973,7.2,268,88,176,20,578,0.13785,Train,,,,
17-08-2020,14.65482118,29.72299474,1.611915859,81.27427712,18.42473838,24.76407502,-0.09925,7.2,268,88,176,20,578,0.14112,Train,,,,
18-08-2020,43.96446451,28.85025495,0.457369414,85.59694694,15.27691063,26.0824259,-0.1012,7.2,268,88,176,20,578,0.1444,Train,,,,
19-08-2020,58.61928471,26.46984444,0.585305318,94.82997565,3.6235015,27.40077677,-0.10315,7.2,268,88,176,20,578,0.14768,Train,,,,
20-08-2020,0,26.67152176,1.991981483,91.52295465,6.750389625,28.71912765,-0.1051,7.2,268,88,176,20,578,0.15095,Train,,,,
21-08-2020,0,28.52597834,3.281099658,77.91856479,17.80049763,30.03747853,-0.10705,7.2,268,88,176,20,578,0.15422,Train,,,,
22-08-2020,0,28.37963765,4.318080089,76.31744012,16.66505675,29.64673068,-0.109,7.2,268,88,176,20,578,0.1575,Train,,,,
23-08-2020,0,27.99896711,4.46454572,78.75580537,14.78184925,29.25598283,-0.11095,7.2,268,88,176,20,578,0.16078,Train,,,,
24-08-2020,0,27.66233788,3.689197461,81.30451244,13.311175,28.86523497,-0.1129,7.2,268,88,176,20,578,0.16405,Train,,,,
25-08-2020,0,28.04157283,2.559066553,79.60420673,16.22282263,28.47448712,-0.11485,7.2,268,88,176,20,578,0.16732,Train,,,,
26-08-2020,0,28.55753988,1.051822437,80.42973928,16.19474625,28.08373927,-0.1168,7.2,268,88,176,20,578,0.1706,Train,,,,
27-08-2020,0,28.1461305,0.393244857,83.43856163,13.32863575,27.69299141,-0.11875,7.2,268,88,176,20,578,0.17388,Train,,,,
28-08-2020,34.88216134,28.04940631,0.57360267,85.31813096,16.93030013,27.30224356,-0.1207,7.2,268,88,176,20,578,0.17715,Train,,,,
29-08-2020,0,28.74426676,2.218406688,79.1175293,19.21989613,26.91149571,-0.12265,7.2,268,88,176,20,578,0.18042,Train,,,,
30-08-2020,0,27.59294027,4.998212037,80.08001558,16.84524513,26.52074785,-0.1246,7.2,268,88,176,20,578,0.1837,Train,,,,
31-08-2020,0,27.93881124,3.282024487,76.27590971,17.09358163,26.13,-0.12655,7.2,268,88,176,20,578,0.18698,Train,,,,
1/9/2020,0,28.2782341,2.011702099,75.2018029,16.23742687,26.68314251,-0.1285,7.3,872,292,780,12.8,83.3,0.19025,Train,,,,
2/9/2020,0,28.75987142,0.188138067,76.68172139,18.54520138,27.23628502,-0.13045,7.3,872,292,780,12.8,83.3,0.19352,Train,,,,
3/9/2020,0,28.17248688,2.757615304,82.29305816,16.07412113,27.78942753,-0.1324,7.3,872,292,780,12.8,83.3,0.1968,Train,,,,
4/9/2020,0,28.19963799,1.593385343,83.73612124,18.53628088,28.34257004,-0.13435,7.3,872,292,780,12.8,83.3,0.20008,Train,,,,
5/9/2020,29.60450459,27.74512507,0.936408349,86.91977942,14.94584425,28.89571255,-0.1363,7.3,872,292,780,12.8,83.3,0.20335,Train,,,,
6/9/2020,0,28.47257131,0.703885493,83.32911097,16.85431763,29.44885506,-0.13825,7.3,872,292,780,12.8,83.3,0.20662,Train,,,,
7/9/2020,40.84971189,28.77116674,0.964276134,82.53434575,18.95840375,30.00199757,-0.1402,7.3,872,292,780,12.8,83.3,0.2099,Train,,,,
8/9/2020,0,28.99141528,1.419340261,79.56066492,18.4942215,30.55514008,-0.14215,7.3,872,292,780,12.8,83.3,0.21318,Train,,,,
9/9/2020,0,29.49177068,1.968373253,72.90316994,19.09928513,31.10828259,-0.1441,7.3,872,292,780,12.8,83.3,0.21645,Train,,,,
10/9/2020,0,29.5035759,2.173719566,69.23258462,19.90062363,31.26679938,-0.14605,7.3,872,292,780,12.8,83.3,0.21972,Train,,,,
11/9/2020,0,29.62144432,0.330575298,71.89283297,19.64564413,33.72786105,-0.148,7.3,872,292,780,12.8,83.3,0.223,Train,,,,
12/9/2020,0,29.63385226,0.399798787,71.94587581,20.69209963,26.18274368,-0.1412,7.3,872,292,780,12.8,83.3,0.2142,Train,,,,
13-09-2020,0,29.69930865,0.133555239,73.08832948,19.52499825,32.2411007,-0.1344,7.3,872,292,780,12.8,83.3,0.2054,Train,,,,
14-09-2020,0,29.80196279,0.534922785,74.38474321,19.04429725,32.07120999,-0.1276,7.3,872,292,780,12.8,83.3,0.1966,Train,,,,
15-09-2020,0,30.15119832,0.408392375,69.42691213,20.87433463,31.90131928,-0.1208,7.3,872,292,780,12.8,83.3,0.1878,Train,,,,
16-09-2020,0.110439953,30.74570109,0.683104644,67.87800901,19.42635438,29.50985948,-0.114,7.3,872,292,780,12.8,83.3,0.179,Train,,,,
17-09-2020,1.332722162,31.66439018,2.961079922,57.16356228,20.6905655,33.14651835,-0.1126,7.3,872,292,780,12.8,83.3,0.1654,Train,,,,
18-09-2020,8.687300404,31.66756783,1.853729165,60.71626973,19.08093138,33.75685402,-0.1112,7.3,872,292,780,12.8,83.3,0.1518,Train,,,,
19-09-2020,0.102614175,30.54085503,1.05404027,67.96695266,19.86728163,33.40235753,-0.1098,7.3,872,292,780,12.8,83.3,0.1382,Train,,,,
20-09-2020,0,29.62248319,1.076275832,66.53165204,21.250538,33.04786105,-0.1084,7.3,872,292,780,12.8,83.3,0.1246,Train,,,,
21-09-2020,0,30.30237478,0.931385719,65.05200561,19.97876675,32.77992194,-0.107,7.3,872,292,780,12.8,83.3,0.111,Train,,,,
22-09-2020,0,29.25745672,1.830861146,75.05367484,16.98126475,32.51198283,-0.0942,7.3,872,292,780,12.8,83.3,0.0972,Train,,,,
23-09-2020,0,29.01226578,1.367696159,74.46182128,18.63797345,31.89569867,-0.0814,7.3,872,292,780,12.8,83.3,0.0834,Train,,,,
24-09-2020,0,28.91533686,0.827162627,69.86067597,19.36241938,31.27941452,-0.0686,7.3,872,292,780,12.8,83.3,0.0696,Train,,,,
25-09-2020,0,29.96870829,1.757855576,56.92768263,21.09001894,32.90451991,-0.0558,7.3,872,292,780,12.8,83.3,0.0558,Train,,,,
26-09-2020,0,28.93832041,2.441407585,54.38963684,19.27586075,29.17104606,-0.043,7.3,872,292,780,12.8,83.3,0.042,Train,,,,
27-09-2020,0,28.19412829,0.739539932,63.8327363,20.72415881,31.95593286,-0.044,7.3,872,292,780,12.8,83.3,0.0596,Train,,,,
28-09-2020,0,28.32661336,1.457128268,57.63435035,21.08091144,30.2080484,-0.045,7.3,872,292,780,12.8,83.3,0.0772,Train,,,,
29-09-2020,0,27.8996769,2.507714859,52.41232922,20.49692538,32.20906323,-0.046,7.3,872,292,780,12.8,83.3,0.0948,Train,,,,
30-09-2020,0,27.51331228,2.75520467,49.5323726,21.09529231,32.08295863,-0.047,7.3,872,292,780,12.8,83.3,0.1124,Train,,,,
1/10/2020,0,27.87955564,2.179553255,52.83899049,20.92816556,32.36762685,-0.048,7.2,548,140,352,26,97,0.13,Train,,,,
2/10/2020,0.246948227,27.67132403,1.49641232,52.71718985,21.04633194,33.19526151,-0.0522,7.2,548,140,352,26,97,0.1278,Train,,,,
3/10/2020,0,27.79037692,0.828125065,49.07934011,20.99016219,33.36469165,-0.0564,7.2,548,140,352,26,97,0.1256,Train,,,,
4/10/2020,1.191972569,26.59733416,1.723700136,47.95376297,21.05869925,32.56640906,-0.0606,7.2,548,140,352,26,97,0.1234,Train,,,,
5/10/2020,0,26.40138143,2.405937703,46.24816663,20.989285,32.14775176,-0.0648,7.2,548,140,352,26,97,0.1212,Train,,,,
6/10/2020,0,26.72295341,1.781631527,48.56399387,20.868009,32.09665105,-0.069,7.2,548,140,352,26,97,0.119,Train,,,,
7/10/2020,0,26.82418467,0.475142806,50.09610822,20.64509125,31.17810304,-0.0672,7.2,548,140,352,26,97,0.1172,Train,,,,
8/10/2020,0,26.6073878,0.469154224,52.04248482,20.50319833,32.00317721,-0.0654,7.2,548,140,352,26,97,0.1154,Train,,,,
9/10/2020,0,26.72241046,0.393295677,52.95798762,20.17996806,30.45043716,-0.0636,7.2,548,140,352,26,97,0.1136,Train,,,,
10/10/2020,3.527824362,26.81955554,1.159591021,53.72683265,19.72223175,31.25218579,-0.0618,7.2,548,140,352,26,97,0.1118,Train,,,,
11/10/2020,0,26.81521759,1.056191577,53.15124312,19.81319425,27.10382671,-0.06,7.2,548,140,352,26,97,0.11,Train,,,,
12/10/2020,0,27.09973488,1.051528546,55.37554209,19.46353925,30.24581577,-0.0634,7.2,548,140,352,26,97,0.1256,Train,,,,
13-10-2020,0,27.46496989,1.63405472,58.4336435,18.45029675,29.59494926,-0.0668,7.2,548,140,352,26,97,0.1412,Train,,,,
14-10-2020,0,27.62056249,1.144289074,59.96772356,16.20495188,30.71103825,-0.0702,7.2,548,140,352,26,97,0.1568,Train,,,,
15-10-2020,0,26.84496969,1.46875917,51.43898142,18.66655913,31.82712724,-0.0736,7.2,548,140,352,26,97,0.1724,Train,,,,
16-10-2020,0,26.19000079,1.126350819,39.33861628,19.527642,31.05357533,-0.077,7.2,548,140,352,26,97,0.188,Train,,,,
17-10-2020,0.872821033,26.18098284,1.121202701,45.33386831,18.99092963,28.48236534,-0.051,7.2,548,140,352,26,97,0.1862,Train,,,,
18-10-2020,0,25.51410319,2.217564652,38.06253789,19.16987175,30.19593286,-0.025,7.2,548,140,352,26,97,0.1844,Train,,,,
19-10-2020,0,24.73287099,2.31232755,40.04524261,18.83166413,29.8235363,0.001,7.2,548,140,352,26,97,0.1826,Train,,,,
20-10-2020,0,24.7296889,0.850259095,38.83159756,19.55165475,30.31487119,0.027,7.2,548,140,352,26,97,0.1808,Train,,,,
21-10-2020,0,25.92822164,0.790188908,40.93423309,17.358548,30.19483997,0.053,7.2,548,140,352,26,97,0.179,Train,,,,
22-10-2020,0,25.25720749,1.110543448,48.09016772,16.53405263,29.22459797,0.0284,7.2,548,140,352,26,97,0.1504,Train,,,,
23-10-2020,0,24.50109571,1.373912839,47.70714616,18.48349275,28.25435597,0.0038,7.2,548,140,352,26,97,0.1218,Train,,,,
24-10-2020,0,24.52765172,1.104161664,44.49224379,18.731647,28.29199844,-0.0208,7.2,548,140,352,26,97,0.0932,Train,,,,
25-10-2020,0,25.01359965,0.657337187,46.28902382,18.47761575,28.39366901,-0.0454,7.2,548,140,352,26,97,0.0646,Train,,,,
26-10-2020,0,24.02818069,1.468086898,48.07076548,15.24029875,26.24134392,-0.07,7.2,548,140,352,26,97,0.036,Train,,,,
27-10-2020,0,22.78283971,2.448866292,39.56873647,18.413595,26.70633099,-0.0678,7.2,548,140,352,26,97,0.0464,Train,,,,
28-10-2020,0,22.90005391,0.99008585,43.98810493,18.3507065,25.92395785,-0.0656,7.2,548,140,352,26,97,0.0568,Train,,,,
29-10-2020,0,22.53965721,0.857425243,49.86598236,18.00060425,27.32623731,-0.0634,7.2,548,140,352,26,97,0.0672,Train,,,,
30-10-2020,0,22.35716718,2.514105986,43.98575948,17.90705,26.5795082,-0.0612,7.2,548,140,352,26,97,0.0776,Train,,,,
31-10-2020,0,22.10832748,2.968320338,39.01800034,17.93706775,25.88575332,-0.059,7.2,548,140,352,26,97,0.088,Train,,,,
1/11/2020,0,21.31791967,2.785109156,35.52404908,17.98809375,26.16350507,-0.0662,7.4,664,220,424,15.6,55.9,0.0882,Train,,,,
2/11/2020,0,21.00193113,2.62625426,35.15949638,17.94947475,24.24551913,-0.0734,7.4,664,220,424,15.6,55.9,0.0884,Train,,,,
3/11/2020,0,20.62809016,1.649934634,38.35861291,17.78789575,26.77565183,-0.0806,7.4,664,220,424,15.6,55.9,0.0886,Train,,,,
4/11/2020,0.226670404,21.84669902,2.525305216,45.91622709,17.04785075,23.8137783,-0.0878,7.4,664,220,424,15.6,55.9,0.0888,Train,,,,
5/11/2020,0,22.06928279,1.344055515,47.4023164,17.2345825,25.92881343,-0.095,7.4,664,220,424,15.6,55.9,0.089,Train,,,,
6/11/2020,0,21.61457214,2.051611355,46.74621713,17.1400105,23.5842701,-0.082,7.4,664,220,424,15.6,55.9,0.0768,Train,,,,
7/11/2020,0,21.00398916,2.473718776,46.80520297,17.08856275,24.70629977,-0.069,7.4,664,220,424,15.6,55.9,0.0646,Train,,,,
8/11/2020,0,20.67178243,0.976880532,52.05545399,17.00632,23.53455894,-0.056,7.4,664,220,424,15.6,55.9,0.0524,Train,,,,
9/11/2020,0,20.49694977,1.466987121,55.43860195,16.7608505,22.63835285,-0.043,7.4,664,220,424,15.6,55.9,0.0402,Train,,,,
10/11/2020,0,20.67505035,1.26225018,61.70085466,16.37385575,24.79869633,-0.03,7.4,664,220,424,15.6,55.9,0.028,Train,,,,
11/11/2020,0,20.94418615,1.36046229,57.76508973,15.83036475,24.23883685,-0.0392,7.4,664,220,424,15.6,55.9,0.029,Train,,,,
12/11/2020,0,20.56067683,0.32521846,58.09874738,15.737407,24.92565964,-0.0484,7.4,664,220,424,15.6,55.9,0.03,Train,,,,
13-11-2020,0,20.43461761,1.562178972,59.40343855,15.962766,24.93068696,-0.0576,7.4,664,220,424,15.6,55.9,0.031,Train,,,,
14-11-2020,0,20.50553474,0.746263159,56.18768094,15.92937675,22.34609756,-0.0668,7.4,664,220,424,15.6,55.9,0.032,Train,,,,
15-11-2020,0,21.59833806,2.164707487,62.47250815,13.30379975,22.19847089,-0.076,7.4,664,220,424,15.6,55.9,0.033,Train,,,,
16-11-2020,0,19.28772952,1.220556269,77.72033372,8.681153,22.05084422,-0.0744,7.4,664,220,424,15.6,55.9,0.0518,Train,,,,
17-11-2020,0,18.5855442,2.33464857,70.76119033,13.93103625,22.48030445,-0.0728,7.4,664,220,424,15.6,55.9,0.0706,Train,,,,
18-11-2020,0,17.62900823,1.801375439,64.15252047,15.7101235,23.09505855,-0.0712,7.4,664,220,424,15.6,55.9,0.0894,Train,,,,
19-11-2020,0,17.09659729,1.962353253,60.46226061,15.20529775,23.4628025,-0.0696,7.4,664,220,424,15.6,55.9,0.1082,Train,,,,
20-11-2020,0,16.86808357,3.073613214,53.95051422,15.7636075,22.48239657,-0.068,7.4,664,220,424,15.6,55.9,0.127,Train,,,,
21-11-2020,0,15.99701271,3.499389295,48.42904094,15.8816165,21.18113193,-0.0679,7.4,664,220,424,15.6,55.9,0.1219,Train,,,,
22-11-2020,0,15.47313461,2.334394849,52.26746821,15.6325655,17.51604462,-0.0678,7.4,664,220,424,15.6,55.9,0.1168,Train,,,,
23-11-2020,0,15.93006287,0.754401353,54.99912796,15.34795025,19.49694175,-0.0677,7.4,664,220,424,15.6,55.9,0.1117,Train,,,,
24-11-2020,0,16.69391149,1.166426114,59.90842489,13.836861,20.08561615,-0.0676,7.4,664,220,424,15.6,55.9,0.1066,Train,,,,
25-11-2020,1.977595528,16.83917262,1.779127945,69.39033035,10.82674725,20.67429055,-0.0675,7.4,664,220,424,15.6,55.9,0.1015,Train,,,,
26-11-2020,3.341547514,17.11551628,2.143333665,66.57760874,12.6062295,21.26296495,-0.0674,7.4,664,220,424,15.6,55.9,0.0964,Train,,,,
27-11-2020,0,17.53285243,3.156596776,59.1573201,15.0749375,21.85163934,-0.0673,7.4,664,220,424,15.6,55.9,0.0913,Train,,,,
28-11-2020,0,16.67380994,2.774243504,56.68873862,15.149555,21.97115535,-0.0672,7.4,664,220,424,15.6,55.9,0.0862,Train,,,,
29-11-2020,0,15.65146345,1.885424635,59.45417444,15.19500625,22.2107338,-0.0671,7.4,664,220,424,15.6,55.9,0.0811,Train,,,,
30-11-2020,0,16.27857488,1.98555359,61.26110307,14.767025,21.38717408,-0.067,7.4,664,220,424,15.6,55.9,0.076,Train,,,,
1/12/2020,0,16.67436625,1.788942142,64.11714659,14.56376475,21.39881343,-0.0652,6.6,304,76,128,16,56.1,0.079,Train,,,,
2/12/2020,0.245868688,17.88731728,2.830576463,59.5504505,14.68504525,21.41045277,-0.0634,6.6,304,76,128,16,56.1,0.082,Train,,,,
3/12/2020,0,17.49162445,0.55647299,66.91386796,14.4662955,22.65783763,-0.0616,6.6,304,76,128,16,56.1,0.085,Train,,,,
4/12/2020,0,18.55378812,1.609567999,63.83705129,14.29051275,21.57502732,-0.0598,6.6,304,76,128,16,56.1,0.088,Train,,,,
5/12/2020,0,19.25405019,2.650179347,65.9804984,14.11863425,21.57752537,-0.058,6.6,304,76,128,16,56.1,0.091,Train,,,,
6/12/2020,0,19.30840518,0.762747128,66.73198619,14.065498,21.24203747,-0.0558,6.6,304,76,128,16,56.1,0.0996,Train,,,,
7/12/2020,0,18.84840482,2.402907126,66.96999805,14.01856975,21.82790788,-0.0536,6.6,304,76,128,16,56.1,0.1082,Train,,,,
8/12/2020,0,18.63167534,1.408996703,68.23036036,13.98480125,22.37842311,-0.0514,6.6,304,76,128,16,56.1,0.1168,Train,,,,
9/12/2020,0,19.38312238,1.641654067,67.20261448,13.89778475,22.92893833,-0.0492,6.6,304,76,128,16,56.1,0.1254,Train,,,,
10/12/2020,0,19.55142301,1.758600812,62.98113349,13.45686475,22.13779859,-0.047,6.6,304,76,128,16,56.1,0.134,Train,,,,
11/12/2020,0,19.89999479,1.182319855,66.72590586,12.08044625,21.34665886,-0.0488,6.6,304,76,128,16,56.1,0.121,Train,,,,
12/12/2020,0,17.36841164,0.890369507,80.98089597,9.572273,20.55551913,-0.0506,6.6,304,76,128,16,56.1,0.108,Train,,,,
13-12-2020,0,14.45894012,2.842804243,63.08386021,14.17797225,19.76437939,-0.0524,6.6,304,76,128,16,56.1,0.095,Train,,,,
14-12-2020,0,12.73582738,2.581744922,65.7553431,14.5856075,18.36928181,-0.0542,6.6,304,76,128,16,56.1,0.082,Train,,,,
15-12-2020,0,11.8035567,2.331228722,64.37432483,14.60794175,15.45131519,-0.056,6.6,304,76,128,16,56.1,0.069,Train,,,,
16-12-2020,0,11.81600215,3.236733425,61.74896842,14.552205,16.8113577,-0.0534,6.6,304,76,128,16,56.1,0.0612,Train,,,,
17-12-2020,0,10.79320297,3.453486469,58.38865638,14.666156,13.29921053,-0.0508,6.6,304,76,128,16,56.1,0.0534,Train,,,,
18-12-2020,0,11.85691859,3.311881209,50.89619991,14.52723375,15.63371585,-0.0482,6.6,304,76,128,16,56.1,0.0456,Train,,,,
19-12-2020,0,12.82080104,3.198009988,47.8846842,14.522054,18.32005464,-0.0456,6.6,304,76,128,16,56.1,0.0378,Train,,,,
20-12-2020,1.943656862,14.0869283,3.118402141,49.53665903,14.210163,10.43105882,-0.043,6.6,304,76,128,16,56.1,0.03,Train,,,,
21-12-2020,0,14.45411263,2.351960888,57.15474101,12.67598975,8.05,-0.045,6.6,304,76,128,16,56.1,0.0378,Train,,,,
22-12-2020,0,14.30348803,1.941880219,61.65799519,13.93705425,18.13965326,-0.047,6.6,304,76,128,16,56.1,0.0456,Train,,,,
23-12-2020,0,13.94227308,1.632589108,63.82355787,14.4393945,18.05479313,-0.049,6.6,304,76,128,16,56.1,0.0534,Train,,,,
24-12-2020,0,13.90884043,2.045154826,61.43306773,14.48493125,18.23510297,-0.051,6.6,304,76,128,16,56.1,0.0612,Train,,,,
25-12-2020,0,13.6028979,2.622412935,62.11313139,14.51653075,17.8519516,-0.053,6.6,304,76,128,16,56.1,0.069,Train,,,,
26-12-2020,0,13.46443456,2.009507186,64.62109779,14.4368605,19.83056657,-0.05324,6.6,304,76,128,16,56.1,0.06704,Train,,,,
27-12-2020,3.65794153,15.01662788,0.813329226,62.54184806,14.230533,16.24238095,-0.05348,6.6,304,76,128,16,56.1,0.06508,Train,,,,
28-12-2020,0,12.01642888,2.850941699,46.60143108,14.72522275,16.94508197,-0.05372,6.6,304,76,128,16,56.1,0.06312,Train,,,,
29-12-2020,0,10.8759641,3.013669151,61.92784923,14.73345375,15.18503513,-0.05396,6.6,304,76,128,16,56.1,0.06116,Train,,,,
30-12-2020,0,10.29636218,2.544322325,67.20089004,14.66920975,14.67096799,-0.0542,6.6,304,76,128,16,56.1,0.0592,Train,,,,
31-12-2020,0,10.57817866,1.889810589,70.38700636,14.35082075,13.79508257,-0.05444,6.6,304,76,128,16,56.1,0.05724,Train,,,,
1/1/2021,0,12.21818186,1.15085623,65.35951777,14.17369475,15.195,-0.05468,7.3,1136,310,724,36,54.8,0.05528,Train,,,,
2/1/2021,0,15.18943176,2.077128226,74.0101266,8.68691875,16.02081187,-0.05492,7.3,1136,310,724,36,54.8,0.05332,Train,,,,
3/1/2021,0,17.18514659,3.232234915,79.93903372,10.74344425,16.84662373,-0.05516,7.3,1136,310,724,36,54.8,0.05136,Train,,,,
4/1/2021,0,17.62463214,1.545913301,84.0219365,10.9230975,17.6724356,-0.0554,7.3,1136,310,724,36,54.8,0.0494,Train,,,,
5/1/2021,0,18.3833964,2.392794822,82.23736319,10.14820675,17.26417382,-0.05564,7.3,1136,310,724,36,54.8,0.04744,Train,,,,
6/1/2021,5.992421101,17.58638344,0.584902897,82.72196699,10.95518775,16.85591205,-0.05588,7.3,1136,310,724,36,54.8,0.04548,Train,,,,
7/1/2021,0,14.4806928,2.219523079,79.80069121,11.78280125,16.44765027,-0.05612,7.3,1136,310,724,36,54.8,0.04352,Train,,,,
8/1/2021,0,13.66859144,1.735800058,78.7215876,10.952021,16.0393885,-0.05636,7.3,1136,310,724,36,54.8,0.04156,Train,,,,
9/1/2021,0,15.37636655,3.359218986,74.83836924,13.02114625,15.63112672,-0.0566,7.3,1136,310,724,36,54.8,0.0396,Train,,,,
10/1/2021,0,11.83411115,3.394739489,69.67747698,15.4863285,15.22286495,-0.05684,7.3,1136,310,724,36,54.8,0.03764,Train,,,,
11/1/2021,0,11.68114942,3.552090533,72.22217543,15.373915,15.12447307,-0.05708,7.3,1136,310,724,36,54.8,0.03568,Train,,,,
12/1/2021,0,11.86974678,3.113288395,70.4424294,15.47820775,14.015932,-0.05732,7.3,1136,310,724,36,54.8,0.03372,Train,,,,
13-01-2021,0,11.45229174,2.501350451,68.96432713,15.706136,14.10592961,-0.05756,7.3,1136,310,724,36,54.8,0.03176,Train,,,,
14-01-2021,8.834881524,11.98446045,0.698407146,71.4261456,14.7695465,14.19592721,-0.0578,7.3,1136,310,724,36,54.8,0.0298,Train,,,,
15-01-2021,0,12.64655457,1.193702066,74.36716818,15.04255775,17.46185841,-0.05804,7.3,1136,310,724,36,54.8,0.02784,Train,,,,
16-01-2021,0,10.31969159,1.895018647,81.23972087,13.913621,17.19351129,-0.05828,7.3,1136,310,724,36,54.8,0.02588,Train,,,,
17-01-2021,0,12.55889918,2.844548806,80.46534839,13.60160125,16.92516418,-0.05852,7.3,1136,310,724,36,54.8,0.02392,Train,,,,
18-01-2021,8.432897687,14.92231903,1.36311294,77.82506886,9.150804,16.65681706,-0.05876,7.3,1136,310,724,36,54.8,0.02196,Train,,,,
19-01-2021,0,15.52432531,2.72970061,73.60583879,14.93216475,16.38846995,-0.059,7.3,1136,310,724,36,54.8,0.02,Train,,,,
20-01-2021,0,14.66421916,3.995901426,75.07039743,15.94500125,16.05469945,-0.05725,7.3,1136,310,724,36,54.8,0.0216,Train,,,,
21-01-2021,0,13.79091479,3.174463837,66.82767761,16.378326,17.42473849,-0.0555,7.3,1136,310,724,36,54.8,0.0232,Train,,,,
22-01-2021,0,13.67115046,2.340781162,71.41454867,16.2721205,17.43043091,-0.05375,7.3,1136,310,724,36,54.8,0.0248,Train,,,,
23-01-2021,7.619560838,15.40764453,2.397816488,73.56221257,15.74047875,17.43612334,-0.052,7.3,1136,310,724,36,54.8,0.0264,Train,,,,
24-01-2021,0,13.34990781,2.285085576,74.30304892,15.035029,17.44181577,-0.05025,7.3,1136,310,724,36,54.8,0.028,Train,,,,
25-01-2021,0,12.79708697,1.803463307,71.15536655,15.9868465,17.4475082,-0.0485,7.3,1136,310,724,36,54.8,0.0296,Train,,,,
26-01-2021,0,12.59196498,2.369753134,67.65340721,16.66322125,17.45320062,-0.04675,7.3,1136,310,724,36,54.8,0.0312,Train,,,,
27-01-2021,0,12.58481687,2.556745343,65.28278203,16.97050825,17.41213895,-0.045,7.3,1136,310,724,36,54.8,0.0328,Train,,,,
28-01-2021,0,12.02843946,1.943078855,66.87774802,17.09118375,15.97786885,-0.04325,7.3,1136,310,724,36,54.8,0.0344,Train,,,,
29-01-2021,0,12.6208327,2.959564921,61.65096357,17.127529,17.38052303,-0.0415,7.3,1136,310,724,36,54.8,0.036,Train,,,,
30-01-2021,0,12.67540639,2.948018756,58.97319872,17.397084,17.88247463,-0.03975,7.3,1136,310,724,36,54.8,0.0376,Train,,,,
31-01-2021,0,13.97310537,0.617845918,57.34228562,17.36079825,19.94081967,-0.038,7.3,1136,310,724,36,54.8,0.0392,Train,,,,
1/2/2021,0,15.31570333,1.544814135,60.76126993,17.2726565,19.65337237,-0.03625,7.4,392,102,168,45.2,45.2,0.0408,Train,,,,
2/2/2021,0,16.00386772,0.50354548,65.18004083,17.32392075,20.67718189,-0.0345,7.4,392,102,168,45.2,45.2,0.0424,Train,,,,
3/2/2021,0,17.31540705,2.706545755,68.76445838,16.69365325,17.61989852,-0.03275,7.4,392,102,168,45.2,45.2,0.044,Train,,,,
4/2/2021,0,14.39737409,2.575918742,79.32005572,14.717291,17.82406714,-0.031,7.4,392,102,168,45.2,45.2,0.0456,Train,,,,
5/2/2021,0,13.96538188,2.173284008,76.01673639,16.01663675,19.23360656,-0.02925,7.4,392,102,168,45.2,45.2,0.0472,Train,,,,
6/2/2021,0,14.5879055,3.074702281,66.85500809,17.78327225,19.8964637,-0.0275,7.4,392,102,168,45.2,45.2,0.0488,Train,,,,
7/2/2021,0,15.09152374,3.067790805,68.67983061,17.96495675,20.31605777,-0.02575,7.4,392,102,168,45.2,45.2,0.0504,Train,,,,
8/2/2021,0,15.95300001,2.376932463,69.87867818,18.02394925,21.08088212,-0.024,7.4,392,102,168,45.2,45.2,0.052,Train,,,,
9/2/2021,0,17.12725029,0.896520017,65.71710329,17.9309885,22.14089774,-0.0252,7.4,392,102,168,45.2,45.2,0.051,Train,,,,
10/2/2021,0,18.18552678,1.029552548,66.02355758,18.18217625,21.88016393,-0.0264,7.4,392,102,168,45.2,45.2,0.05,Train,,,,
11/2/2021,0,17.53543434,1.827171575,70.18777993,18.41965375,22.68544106,-0.0276,7.4,392,102,168,45.2,45.2,0.049,Train,,,,
12/2/2021,0,16.94229024,1.334519042,74.45349214,14.82806975,21.84127244,-0.0288,7.4,392,102,168,45.2,45.2,0.048,Train,,,,
13-02-2021,0,16.86519903,1.091486701,72.48751645,18.23941225,20.99710383,-0.03,7.4,392,102,168,45.2,45.2,0.047,Train,,,,
14-02-2021,0,17.96594709,1.200493788,67.30560727,18.594198,23.59449649,-0.0312,7.4,392,102,168,45.2,45.2,0.046,Train,,,,
15-02-2021,0,18.73658969,0.688724046,65.25138266,17.4121365,23.07563622,-0.0324,7.4,392,102,168,45.2,45.2,0.045,Train,,,,
16-02-2021,5.300635099,19.1963281,0.681463715,60.9468798,18.69441375,24.3390242,-0.0336,7.4,392,102,168,45.2,45.2,0.044,Train,,,,
17-02-2021,0,18.69822273,1.236962219,62.28073253,18.88846675,23.16074161,-0.0348,7.4,392,102,168,45.2,45.2,0.043,Train,,,,
18-02-2021,0,18.9667984,1.175357986,62.16019159,18.9758785,24.40625293,-0.036,7.4,392,102,168,45.2,45.2,0.042,Train,,,,
19-02-2021,0,18.75553729,1.911436213,65.73514511,19.33223325,21.64723653,-0.037,7.4,392,102,168,45.2,45.2,0.0562,Train,,,,
20-02-2021,0,18.70191091,2.143068846,62.23350808,19.43915425,24.02242779,-0.038,7.4,392,102,168,45.2,45.2,0.0704,Train,,,,
21-02-2021,0,19.27215411,2.649954182,57.044372,19.74983625,24.9553708,-0.039,7.4,392,102,168,45.2,45.2,0.0846,Train,,,,
22-02-2021,0,20.17833036,2.707115601,54.51177612,19.41989263,15.84902834,-0.04,7.4,392,102,168,45.2,45.2,0.0988,Train,,,,
23-02-2021,0,21.66578954,1.133968831,50.12904016,19.75162338,27.3790242,-0.041,7.4,392,102,168,45.2,45.2,0.113,Train,,,,
24-02-2021,0,22.14289945,1.841507493,45.35740116,20.1910285,27.11151444,-0.0246,7.4,392,102,168,45.2,45.2,0.1124,Train,,,,
25-02-2021,5.668154846,22.71558914,2.599828428,44.1891894,20.23932013,27.37270101,-0.0082,7.4,392,102,168,45.2,45.2,0.1118,Train,,,,
26-02-2021,0,24.09696159,1.896402208,44.53760821,20.25082625,28.12505074,0.0082,7.4,392,102,168,45.2,45.2,0.1112,Train,,,,
27-02-2021,0,23.72932332,1.475545638,41.10537958,20.35805425,28.08389539,0.0246,7.4,392,102,168,45.2,45.2,0.1106,Train,,,,
28-02-2021,0,22.05762634,1.865504498,39.66512485,20.29159425,25.25740047,0.041,7.4,392,102,168,45.2,45.2,0.11,Train,,,,
1/3/2021,0,20.32208405,3.41155846,38.00170178,21.45478575,26.95775956,0.0256,7.4,392,102,168,45.2,45.2,0.093,Train,,,,
2/3/2021,0,20.93779081,4.223392027,33.97326021,21.68938488,26.47449649,0.0102,7.4,392,102,168,45.2,45.2,0.076,Train,,,,
3/3/2021,0,22.063377,2.203530859,39.43576158,21.46736105,27.46793911,-0.0052,7.4,392,102,168,45.2,45.2,0.059,Train,,,,
4/3/2021,0,22.59751663,1.161319852,46.92688167,21.36650432,27.63045277,-0.0206,7.4,392,102,168,45.2,45.2,0.042,Train,,,,
5/3/2021,0,22.7289018,3.917209769,38.3666321,21.88613734,28.26319282,-0.036,7.4,392,102,168,45.2,45.2,0.025,Train,,,,
6/3/2021,0,22.84972916,1.797932318,38.91167103,21.95920875,27.79176425,-0.0271,7.4,392,102,168,45.2,45.2,0.0411,Train,,,,
7/3/2021,0,24.4607413,3.03558792,46.22246753,21.47789731,26.35583919,-0.0182,7.4,392,102,168,45.2,45.2,0.0572,Train,,,,
8/3/2021,0,24.16099319,3.230946045,55.28924095,21.06666613,24.91991413,-0.0093,7.4,392,102,168,45.2,45.2,0.0733,Train,,,,
9/3/2021,0,24.20761197,0.971817908,57.15612777,20.26659988,26.29457455,-0.0004,7.4,392,102,168,45.2,45.2,0.0894,Train,,,,
10/3/2021,0,23.29034767,0.679319702,60.1596611,18.94656906,27.66923497,0.0085,7.4,392,102,168,45.2,45.2,0.1055,Train,,,,
11/3/2021,0,24.3105058,1.232214006,47.11656852,21.94810706,30.0752459,0.0184,7.4,392,102,168,45.2,45.2,0.1016,Train,,,,
12/3/2021,7.475082984,22.82666168,2.009677995,61.89445606,16.204703,24.77978221,0.0283,7.4,392,102,168,45.2,45.2,0.0977,Train,,,,
13-03-2021,0,23.29582558,1.889491931,55.67080792,21.31980888,25.50703549,0.0382,7.4,392,102,168,45.2,45.2,0.0938,Train,,,,
14-03-2021,0,23.17247988,2.775749499,47.63410497,22.84277094,28.2158548,0.0481,7.4,392,102,168,45.2,45.2,0.0899,Train,,,,
15-03-2021,0,24.15171013,2.732182327,47.90207129,21.49850894,26.40768931,0.058,7.4,392,102,168,45.2,45.2,0.086,Train,,,,
16-03-2021,0,24.40287298,2.791573532,43.81834589,23.031949,26.80234973,0.046,7.4,392,102,168,45.2,45.2,0.0854,Train,,,,
17-03-2021,0,24.89402033,2.180481603,41.52612316,21.97753494,27.19701015,0.034,7.4,392,102,168,45.2,45.2,0.0848,Train,,,,
18-03-2021,0.211821273,25.08803329,1.200327283,45.60625835,20.916436,28.12126464,0.022,7.4,392,102,168,45.2,45.2,0.0842,Train,,,,
19-03-2021,0,25.10519117,1.854433139,45.11122174,20.35697313,29.04551913,0.01,7.4,392,102,168,45.2,45.2,0.0836,Train,,,,
20-03-2021,0,24.79128036,2.548667672,40.93859183,23.19964009,30.25957065,-0.002,7.4,392,102,168,45.2,45.2,0.083,Train,,,,
21-03-2021,0,25.52739614,1.077026126,41.18296896,22.68413,29.00061671,-0.0023,7.4,392,102,168,45.2,45.2,0.0833,Train,,,,
22-03-2021,0,25.34795214,1.58817203,48.45991828,21.81788163,27.6918267,-0.0026,7.4,392,102,168,45.2,45.2,0.0836,Train,,,,
23-03-2021,0.900578141,24.68401044,1.176042697,50.2267695,21.52764838,27.59332553,-0.0029,7.4,392,102,168,45.2,45.2,0.0839,Train,,,,
24-03-2021,0,24.51990217,2.70465688,39.08229439,23.06045638,27.49482436,-0.0032,7.4,392,102,168,45.2,45.2,0.0842,Train,,,,
25-03-2021,0,23.27194049,3.712711763,43.63555566,24.65840125,27.85728337,-0.0035,7.4,392,102,168,45.2,45.2,0.0845,Train,,,,
26-03-2021,0,23.36961581,3.101756358,46.8322055,24.6305865,28.21974239,-0.0038,7.4,392,102,168,45.2,45.2,0.0848,Train,,,,
27-03-2021,0,25.02075602,1.828094767,45.37959064,24.31546525,29.705363,-0.0041,7.4,392,102,168,45.2,45.2,0.0851,Train,,,,
28-03-2021,0,27.11419385,0.766915034,42.24304873,24.41670863,29.51769711,-0.0044,7.4,392,102,168,45.2,45.2,0.0854,Train,,,,
29-03-2021,0,28.57670046,0.300210176,34.97344716,24.79749513,31.72217799,-0.0047,7.4,392,102,168,45.2,45.2,0.0857,Train,,,,
30-03-2021,0,29.41427638,4.464487225,29.38694922,25.45763225,32.11864949,-0.005,7.4,392,102,168,45.2,45.2,0.086,Train,,,,
31-03-2021,0,27.08886935,5.273631847,17.55470055,26.08434225,31.77919594,-0.0164,7.4,392,102,168,45.2,45.2,0.093,Train,,,,
1/4/2021,0,25.70280355,4.965485428,15.04674428,26.45968225,29.48091335,-0.0278,7.4,392,102,168,45.2,45.2,0.1,Train,,,,
2/4/2021,0,25.05932261,3.017254322,16.83874525,26.20535488,30.4234114,-0.0392,7.4,392,102,168,45.2,45.2,0.107,Train,,,,
3/4/2021,0,25.18848254,2.505904269,18.35433019,26.296202,31.49722873,-0.0506,7.4,392,102,168,45.2,45.2,0.114,Train,,,,
4/4/2021,0,26.78136215,2.256799627,22.57261506,25.9634175,32.77899297,-0.062,7.4,392,102,168,45.2,45.2,0.121,Train,,,,
5/4/2021,0,29.76875331,2.07290887,25.09199484,25.21160325,25.98789474,-0.0528,7.4,392,102,168,45.2,45.2,0.116,Train,,,,
6/4/2021,0,29.87562586,2.583387207,27.35477862,24.19973088,28.45388882,-0.0436,7.4,392,102,168,45.2,45.2,0.111,Train,,,,
7/4/2021,0,28.44387843,2.272494567,28.59615211,24.61378588,30.9198829,-0.0344,7.4,392,102,168,45.2,45.2,0.106,Train,,,,
8/4/2021,0,26.9183918,3.023947883,21.74429962,26.59250313,29.68042935,-0.0252,7.4,392,102,168,45.2,45.2,0.101,Train,,,,
9/4/2021,0,27.28042755,3.157375675,18.83347339,26.33518925,33.59825917,-0.016,7.4,392,102,168,45.2,45.2,0.096,Train,,,,
10/4/2021,0,28.09526405,2.78971225,19.21806664,26.72427475,32.60039813,0.0166,7.4,392,102,168,45.2,45.2,0.1076,Train,,,,
11/4/2021,0,28.99250374,2.429400897,17.90124199,26.7377945,35.39579235,0.0492,7.4,392,102,168,45.2,45.2,0.1192,Train,,,,
12/4/2021,0,29.61331266,2.521384836,18.31853061,25.51639963,31.76801717,0.0818,7.4,392,102,168,45.2,45.2,0.1308,Train,,,,
13-04-2021,0,30.38081957,3.213828897,18.76295885,25.03282375,33.00759563,0.1144,7.4,392,102,168,45.2,45.2,0.1424,Train,,,,
14-04-2021,0,29.99006742,2.929855433,22.46548816,23.85460525,33.42965652,0.147,7.4,392,102,168,45.2,45.2,0.154,Train,,,,
15-04-2021,0,30.38678068,1.858202798,20.18530769,25.603736,30.49989852,0.111,7.4,392,102,168,45.2,45.2,0.144,Train,,,,
16-04-2021,4.360711634,30.10387573,1.018467985,25.3586218,23.42152713,32.03519856,0.075,7.4,392,102,168,45.2,45.2,0.134,Train,,,,
17-04-2021,0,27.58987389,1.320038086,35.60202253,24.548034,30.31527568,0.039,7.4,392,102,168,45.2,45.2,0.124,Train,,,,
18-04-2021,0,28.29755745,2.237237691,28.91110724,25.940425,33.04491023,0.003,7.4,392,102,168,45.2,45.2,0.114,Train,,,,
19-04-2021,0,29.55454216,3.040203592,22.87024796,26.75131588,31.85348165,-0.033,7.4,392,102,168,45.2,45.2,0.104,Train,,,,
20-04-2021,0,28.07116725,2.145718066,25.34640358,20.84816013,31.44216237,-0.0372,7.4,392,102,168,45.2,45.2,0.1062,Train,,,,
21-04-2021,0,25.67148743,1.77058651,39.68017097,26.04025863,31.03084309,-0.0414,7.4,392,102,168,45.2,45.2,0.1084,Train,,,,
22-04-2021,0,26.69868495,2.570461441,38.92557934,26.45348925,30.17020297,-0.0456,7.4,392,102,168,45.2,45.2,0.1106,Train,,,,
23-04-2021,0,26.63385862,1.581341634,40.0795386,23.10164588,22.95548287,-0.0498,7.4,392,102,168,45.2,45.2,0.1128,Train,,,,
24-04-2021,0,26.60787544,3.454603868,29.24729565,27.77073525,33.62664325,-0.054,7.4,392,102,168,45.2,45.2,0.115,Train,,,,
25-04-2021,0,28.46303584,3.163910392,24.14643515,28.003627,34.38150664,-0.0444,7.4,392,102,168,45.2,45.2,0.1212,Train,,,,
26-04-2021,0,30.16694221,2.489018819,22.35706419,28.011823,35.43886807,-0.0348,7.4,392,102,168,45.2,45.2,0.1274,Train,,,,
27-04-2021,0,32.46284637,2.44951414,19.16847128,27.1635385,35.84241218,-0.0252,7.4,392,102,168,45.2,45.2,0.1336,Train,,,,
28-04-2021,0,32.80067406,2.64416887,16.37541354,27.1059835,33.49944575,-0.0156,7.4,392,102,168,45.2,45.2,0.1398,Train,,,,
29-04-2021,0,32.97681007,2.237193518,19.30591245,26.4317645,34.1873146,-0.006,7.4,392,102,168,45.2,45.2,0.146,Train,,,,
30-04-2021,0,32.1834554,1.318948847,24.72122209,26.11394825,32.54651835,-0.0114,7.4,392,102,168,45.2,45.2,0.133,Train,,,,
1/5/2021,0,32.03348694,0.587422547,28.39750357,23.58606475,31.34603435,-0.0168,7.35,320,195,1042,38,30,0.12,Train,,,,
2/5/2021,0,30.32577349,1.307587215,34.39764823,20.5623965,35.18117877,-0.0222,7.35,320,195,1042,38,30,0.107,Train,,,,
3/5/2021,0,30.59941508,0.180060446,35.55272866,24.1330375,31.84893833,-0.0276,7.35,320,195,1042,38,30,0.094,Train,,,,
4/5/2021,2.896866674,31.50930939,1.369328621,34.74224816,24.33526563,31.54283146,-0.033,7.35,320,195,1042,38,30,0.081,Train,,,,
5/5/2021,0,30.63204981,2.29139439,42.91001001,24.10880763,34.18708041,-0.0384,7.35,320,195,1042,38,30,0.09,Train,,,,
6/5/2021,1.661632657,28.80256742,2.257739647,54.45072939,24.51950025,31.91324746,-0.0438,7.35,320,195,1042,38,30,0.099,Train,,,,
7/5/2021,0,27.9210125,1.706252473,55.97044932,25.09106538,31.72993755,-0.0492,7.35,320,195,1042,38,30,0.108,Train,,,,
8/5/2021,0,30.16443659,1.013364279,39.71542078,24.87363375,36.44690867,-0.0546,7.35,320,195,1042,38,30,0.117,Train,,,,
9/5/2021,28.58603712,30.06821976,1.752667576,45.86626012,24.01649113,35.56712724,-0.06,7.35,320,195,1042,38,30,0.126,Train,,,,
10/5/2021,0,30.19350014,2.900004945,46.70476728,26.49830375,34.2285402,-0.0582,7.35,320,195,1042,38,30,0.1258,Train,,,,
11/5/2021,0,30.64650243,1.679052234,42.31815542,25.5772645,32.88995316,-0.0564,7.35,320,195,1042,38,30,0.1256,Train,,,,
12/5/2021,0,29.56165021,1.415513469,47.43147811,24.58044275,29.77325203,-0.0546,7.35,320,195,1042,38,30,0.1254,Train,,,,
13-05-2021,0,27.28193118,2.39281462,58.84182251,24.15704038,30.85768529,-0.0528,7.35,320,195,1042,38,30,0.1252,Train,,,,
14-05-2021,0,29.87633031,1.132139464,44.94142905,26.296172,31.11048644,-0.051,7.35,320,195,1042,38,30,0.125,Train,,,,
15-05-2021,0,30.89442406,1.279408818,39.94318319,26.25450725,34.1711956,-0.0514,7.35,320,195,1042,38,30,0.1227,Train,,,,
16-05-2021,0,32.25873718,1.309529317,32.09184293,27.807549,37.23190476,-0.0518,7.35,320,195,1042,38,30,0.1204,Train,,,,
17-05-2021,0,31.57565079,2.112298407,35.06146454,13.67836325,36.52670049,-0.0522,7.35,320,195,1042,38,30,0.1181,Train,,,,
18-05-2021,0,25.70252062,2.062203068,58.893252,7.10322575,35.82149623,-0.0526,7.35,320,195,1042,38,30,0.1158,Train,,,,
19-05-2021,0,21.99813296,3.277248352,89.27561577,3.70446125,35.11629196,-0.053,7.35,320,195,1042,38,30,0.1135,Train,,,,
20-05-2021,0,25.67020442,1.67336872,69.68231604,15.71791488,34.41108769,-0.0534,7.35,320,195,1042,38,30,0.1112,Train,,,,
21-05-2021,0,28.14061,2.019970891,67.32762473,25.943339,33.70588342,-0.0538,7.35,320,195,1042,38,30,0.1089,Train,,,,
22-05-2021,0,28.78472926,0.374007571,62.24387292,24.9733095,33.00067916,-0.0542,7.35,320,195,1042,38,30,0.1066,Train,,,,
23-05-2021,0,28.48306491,2.205422006,48.62900199,26.996367,27.44117541,-0.0546,7.35,320,195,1042,38,30,0.1043,Train,,,,
24-05-2021,0,29.19818967,4.398022228,36.40489832,28.311238,31.87113973,-0.055,7.35,320,195,1042,38,30,0.102,Train,,,,
25-05-2021,0,29.91378047,3.564799591,32.23988843,28.78435975,34.73833724,-0.0414,7.35,320,195,1042,38,30,0.104,Train,,,,
26-05-2021,0,29.71669032,1.249089352,38.42596676,28.495501,33.81198283,-0.0278,7.35,320,195,1042,38,30,0.106,Train,,,,
27-05-2021,0,30.88465398,0.60266549,42.26613512,28.4299075,36.61513661,-0.0142,7.35,320,195,1042,38,30,0.108,Train,,,,
28-05-2021,0,31.01934713,2.732129584,57.24210911,27.466362,31.36245902,-0.0006,7.35,320,195,1042,38,30,0.11,Train,,,,
29-05-2021,0,30.95216649,3.813752297,56.1254134,26.95485,31.0035363,0.013,7.35,320,195,1042,38,30,0.112,Train,,,,
30-05-2021,11.25861255,31.4765405,2.036869384,56.81722927,26.82116775,26.94823105,-0.0086,7.35,320,195,1042,38,30,0.1246,Train,,,,
31-05-2021,0,31.90297025,1.361560558,53.58895181,26.53259525,28.42101911,-0.0302,7.35,320,195,1042,38,30,0.1372,Train,,,,
1/6/2021,0,29.86691182,0.354878245,56.80681347,21.5219615,29.89380717,-0.0518,7.35,320,195,1042,38,30,0.1498,Train,,,,
2/6/2021,0,30.44311994,0.516681385,56.11437499,24.46536525,31.36659523,-0.0734,7.35,320,195,1042,38,30,0.1624,Train,,,,
3/6/2021,0,30.7642882,0.615980524,55.93745531,24.67501825,32.83938329,-0.095,7.35,320,195,1042,38,30,0.175,Train,,,,
4/6/2021,0,32.13428141,0.634576907,48.72764302,26.068626,32.23155347,-0.0834,7.35,320,195,1042,38,30,0.161,Train,,,,
5/6/2021,2.378584743,31.71162504,0.641257776,53.04675771,24.67480825,31.62372365,-0.0718,7.35,320,195,1042,38,30,0.147,Train,,,,
6/6/2021,0,32.09319649,0.864822202,50.4709296,25.225567,30.84133489,-0.0602,7.35,320,195,1042,38,30,0.133,Train,,,,
7/6/2021,0,33.59385897,1.541437603,42.00901473,24.6209605,34.41779079,-0.0486,7.35,320,195,1042,38,30,0.119,Train,,,,
8/6/2021,0,35.69801102,4.528027152,32.07794878,26.4488875,30.27543326,-0.037,7.35,320,195,1042,38,30,0.105,Train,,,,
9/6/2021,0,36.07294108,1.428034757,37.59634493,25.138102,30.81059329,-0.03853,7.35,320,195,1042,38,30,0.111,Train,,,,
10/6/2021,22.64629809,32.07147497,3.240944152,60.55382886,21.902733,28.82057762,-0.04007,7.35,320,195,1042,38,30,0.117,Train,,,,
11/6/2021,2.084108233,32.81771685,2.38082721,56.90431721,22.34102425,26.80185007,-0.0416,7.35,320,195,1042,38,30,0.123,Train,,,,
12/6/2021,0,31.71993917,3.79207732,62.48429141,22.38568725,24.78312253,-0.04313,7.35,320,195,1042,38,30,0.129,Train,,,,
13-06-2021,0,30.96004003,1.375312385,61.65494301,20.6900035,28.70763855,-0.04467,7.35,320,195,1042,38,30,0.135,Train,,,,
14-06-2021,0,31.94296862,0.73090511,55.03799906,24.72420675,32.63215457,-0.0462,7.35,320,195,1042,38,30,0.141,Train,,,,
15-06-2021,3.268445849,32.4640906,0.574557632,54.20625272,23.16486575,27.17785901,-0.04773,7.35,320,195,1042,38,30,0.147,Train,,,,
16-06-2021,0,28.48876915,0.833468167,73.63583624,19.50005875,28.7539295,-0.04927,7.35,320,195,1042,38,30,0.153,Train,,,,
17-06-2021,0,29.82682254,2.040700029,67.94683563,23.199686,30.33,-0.0508,7.35,320,195,1042,38,30,0.159,Train,,,,
18-06-2021,2.680138886,28.71726507,2.698661907,70.51359956,21.09782325,30.63199844,-0.05233,7.35,320,195,1042,38,30,0.165,Train,,,,
19-06-2021,0,27.87265358,2.421151267,71.92196145,19.061183,30.93399688,-0.05387,7.35,320,195,1042,38,30,0.171,Train,,,,
20-06-2021,0,28.07960281,2.19721909,73.23648526,17.31658425,31.23599532,-0.0554,7.35,320,195,1042,38,30,0.177,Train,,,,
21-06-2021,0,31.29612376,0.592771067,60.70795809,23.744212,31.53799375,-0.05693,7.35,320,195,1042,38,30,0.183,Train,,,,
22-06-2021,0,33.32379049,0.965504663,47.23820139,24.78160025,31.87235753,-0.05847,7.35,320,195,1042,38,30,0.189,Train,,,,
23-06-2021,0,33.50735435,1.255521507,46.67399396,25.518274,32.13412178,-0.06,7.35,320,195,1042,38,30,0.195,Train,,,,
24-06-2021,4.172385693,32.34297078,1.624350004,58.85871771,23.88800375,29.19558252,-0.067,7.35,320,195,1042,38,30,0.1786,Train,,,,
25-06-2021,17.05057522,32.77923609,0.388004972,52.5887226,24.944972,30.03479313,-0.074,7.35,320,195,1042,38,30,0.1622,Train,,,,
26-06-2021,1.648352265,31.69960874,1.040232373,58.68555398,23.3883625,31.78945355,-0.081,7.35,320,195,1042,38,30,0.1458,Train,,,,
27-06-2021,0,33.3079614,1.104377973,52.80591545,23.64195725,32.66188915,-0.088,7.35,320,195,1042,38,30,0.1294,Train,,,,
28-06-2021,0,34.3053566,0.75513837,45.71022925,25.48697175,33.53432475,-0.095,7.35,320,195,1042,38,30,0.113,Train,,,,
29-06-2021,0,35.78254852,2.80915763,33.92277303,26.26811325,31.30356753,-0.09307,7.35,320,195,1042,38,30,0.11162,Train,,,,
30-06-2021,0,37.2597182,5.478965307,28.13189133,25.4792895,34.92342701,-0.09113,7.35,320,195,1042,38,30,0.11024,Train,,,,
1/7/2021,0,36.62521324,4.19384523,33.00498975,23.2117175,30.04484778,-0.0892,7.59,112,80,1308,16.4,53.9,0.10887,Train,,,,
2/7/2021,0,35.89190636,3.182307987,38.10410156,23.6804555,30.20063232,-0.08727,7.59,112,80,1308,16.4,53.9,0.10749,Train,,,,
3/7/2021,0,34.1535202,2.093826426,45.28005401,22.1680135,29.13425595,-0.08533,7.59,112,80,1308,16.4,53.9,0.10611,Train,,,,
4/7/2021,0,34.44809685,1.563125537,46.21407182,24.15606475,28.06787958,-0.0834,7.59,112,80,1308,16.4,53.9,0.10473,Train,,,,
5/7/2021,0,35.09125608,1.868097765,42.94127363,24.0859355,32.66298985,-0.08147,7.59,112,80,1308,16.4,53.9,0.10336,Train,,,,
6/7/2021,0,34.57966894,2.053306323,47.3744362,21.25576663,33.91142077,-0.07953,7.59,112,80,1308,16.4,53.9,0.10198,Train,,,,
7/7/2021,0,36.32761408,3.405495514,36.47329115,23.97956638,35.15985168,-0.0776,7.59,112,80,1308,16.4,53.9,0.1006,Train,,,,
8/7/2021,0,35.50372849,0.61427751,40.96122825,21.752859,31.11679157,-0.07567,7.59,112,80,1308,16.4,53.9,0.09922,Train,,,,
9/7/2021,0,33.0135081,2.817287595,57.29704516,22.884065,31.25264742,-0.07373,7.59,112,80,1308,16.4,53.9,0.09784,Train,,,,
10/7/2021,0,33.57531764,2.623277916,55.41311701,21.91428075,31.38850327,-0.0718,7.59,112,80,1308,16.4,53.9,0.09647,Train,,,,
11/7/2021,11.37885779,31.50722656,4.281118149,66.71576474,20.02826425,31.47476366,-0.06987,7.59,112,80,1308,16.4,53.9,0.09509,Train,,,,
12/7/2021,0,30.7348362,4.334203879,67.78626386,18.19003938,31.56102404,-0.06793,7.59,112,80,1308,16.4,53.9,0.09371,Train,,,,
13-07-2021,9.287277281,29.94599241,2.68731504,74.27082989,12.93387687,31.64728442,-0.066,7.59,112,80,1308,16.4,53.9,0.09233,Train,,,,
14-07-2021,21.58709049,29.38643545,2.708367988,79.12457595,13.332401,31.73354481,-0.06407,7.59,112,80,1308,16.4,53.9,0.09096,Train,,,,
15-07-2021,0,31.21744944,3.210690422,70.29806652,20.1863655,31.81980519,-0.06213,7.59,112,80,1308,16.4,53.9,0.08958,Train,,,,
16-07-2021,0,32.08425484,2.564702862,65.96291593,21.72400525,31.90606557,-0.0602,7.59,112,80,1308,16.4,53.9,0.0882,Train,,,,
17-07-2021,0.92691352,32.37228483,0.638888068,66.04889621,20.48173025,31.733837,-0.05827,7.59,112,80,1308,16.4,53.9,0.08682,Train,,,,
18-07-2021,52.83710527,29.16134605,0.720466174,82.99534866,12.61357363,31.56160843,-0.05633,7.59,112,80,1308,16.4,53.9,0.08544,Train,,,,
19-07-2021,42.26968233,26.17801247,1.347254317,95.55156672,1.141346375,31.38937986,-0.0544,7.59,112,80,1308,16.4,53.9,0.08407,Train,,,,
20-07-2021,10.56742058,27.91584231,0.168090302,87.69160476,11.97109113,31.21715129,-0.05247,7.59,112,80,1308,16.4,53.9,0.08269,Train,,,,
21-07-2021,0,28.72891388,0.435840753,82.53206895,17.5495065,31.04492272,-0.05053,7.59,112,80,1308,16.4,53.9,0.08131,Train,,,,
22-07-2021,18.02219562,28.26792806,2.310387842,83.2042597,18.02314263,30.87269415,-0.0486,7.59,112,80,1308,16.4,53.9,0.07993,Train,,,,
23-07-2021,0,28.4357137,1.520706041,85.83598365,13.543093,30.70046557,-0.04667,7.59,112,80,1308,16.4,53.9,0.07856,Train,,,,
24-07-2021,21.90547558,30.50026855,1.466792427,79.26486952,20.63767788,30.528237,-0.04473,7.59,112,80,1308,16.4,53.9,0.07718,Train,,,,
25-07-2021,0,31.03071683,1.902728089,73.28026537,21.16828863,30.35600843,-0.0428,7.59,112,80,1308,16.4,53.9,0.0758,Train,,,,
26-07-2021,24.16393987,28.81610387,1.353999881,85.7180159,8.63760825,30.18377986,-0.04087,7.59,112,80,1308,16.4,53.9,0.07442,Train,,,,
27-07-2021,20.13412313,27.67361603,1.684601694,89.93462384,5.73909525,30.01155129,-0.03893,7.59,112,80,1308,16.4,53.9,0.07304,Train,,,,
28-07-2021,72.48620097,26.54669851,1.388711089,91.62610418,4.66661675,29.83932272,-0.037,7.59,112,80,1308,16.4,53.9,0.07167,Train,,,,
29-07-2021,16.10897736,26.95059166,0.597920268,89.96830036,7.340529875,29.66709415,-0.03507,7.59,112,80,1308,16.4,53.9,0.07029,Train,,,,
30-07-2021,18.12155024,26.14371198,1.423220917,92.6871155,6.5839835,29.49486557,-0.03313,7.59,112,80,1308,16.4,53.9,0.06891,Train,,,,
31-07-2021,0,28.31351751,1.877150289,85.4218338,15.2578415,29.322637,-0.0312,7.59,112,80,1308,16.4,53.9,0.06753,Train,,,,
1/8/2021,22.54607383,29.09811172,1.249015198,80.98079611,17.58745338,29.15040843,-0.02927,7.75,314,100,772,16.4,50.94,0.06616,Train,,,,
2/8/2021,0,27.73524755,1.312849938,86.75807042,12.115262,28.97817986,-0.02733,7.75,314,100,772,16.4,50.94,0.06478,Train,,,,
3/8/2021,0,28.74181455,2.735930197,78.7973586,19.08170988,28.80595129,-0.0254,7.75,314,100,772,16.4,50.94,0.0634,Train,,,,
4/8/2021,0,28.81453412,2.881654732,76.80767177,20.65128388,28.63372272,-0.02347,7.75,314,100,772,16.4,50.94,0.06202,Train,,,,
5/8/2021,0,28.92064565,1.172497994,81.9487444,20.15497413,28.46149415,-0.02153,7.75,314,100,772,16.4,50.94,0.06064,Train,,,,
6/8/2021,0,29.98147926,0.970291229,79.50142461,21.17655988,28.28926557,-0.0196,7.75,314,100,772,16.4,50.94,0.05927,Train,,,,
7/8/2021,25.5731767,28.50682538,1.063955106,86.69631424,13.33217875,28.117037,-0.01767,7.75,314,100,772,16.4,50.94,0.05789,Train,,,,
8/8/2021,17.04878408,28.56972593,1.228614541,85.35977475,15.26990863,27.94480843,-0.01573,7.75,314,100,772,16.4,50.94,0.05651,Train,,,,
9/8/2021,20.77302392,28.77791621,0.774683124,84.96405579,16.58131125,27.77257986,-0.0138,7.75,314,100,772,16.4,50.94,0.05513,Train,,,,
10/8/2021,0,30.48048426,2.849520894,68.4768538,23.14185138,27.60035129,-0.01187,7.75,314,100,772,16.4,50.94,0.05376,Train,,,,
11/8/2021,0,30.35001462,3.764782582,63.06452586,24.60426463,23.75184615,-0.00993,7.75,314,100,772,16.4,50.94,0.05238,Train,,,,
12/8/2021,0,30.2138827,2.968696592,63.45947751,23.4987375,26.99155844,-0.008,7.75,314,100,772,16.4,50.94,0.051,Train,,,,
13-08-2021,0,30.53517113,3.354530929,61.91935416,22.32125038,29.51805621,-0.0254,7.75,314,100,772,16.4,50.94,0.0746,Train,,,,
14-08-2021,0,30.26071065,3.123527535,61.99700559,22.131409,24.28119438,-0.0428,7.75,314,100,772,16.4,50.94,0.0982,Train,,,,
15-08-2021,0,30.17454936,2.538414725,62.54252274,22.89537413,32.03552693,-0.0602,7.75,314,100,772,16.4,50.94,0.1218,Train,,,,
16-08-2021,0,30.29212278,1.822175482,65.78047618,22.57457475,25.42816284,-0.0776,7.75,314,100,772,16.4,50.94,0.1454,Train,,,,
17-08-2021,0,30.92855606,0.952460432,68.09095784,22.6568335,30.80989071,-0.095,7.75,314,100,772,16.4,50.94,0.169,Train,,,,
18-08-2021,0,30.80486259,0.871416864,71.7098211,22.44249225,30.44451991,-0.0948,7.75,314,100,772,16.4,50.94,0.16696,Train,,,,
19-08-2021,3.47238267,30.42285436,1.435273275,77.47016599,20.11731938,29.79324969,-0.0946,7.75,314,100,772,16.4,50.94,0.16492,Train,,,,
20-08-2021,15.60034174,27.0330972,2.604214048,88.93787035,7.512368625,29.14197948,-0.0944,7.75,314,100,772,16.4,50.94,0.16288,Train,,,,
21-08-2021,20.27671568,26.41719844,3.557236853,89.84792362,7.542820125,28.49070927,-0.0942,7.75,314,100,772,16.4,50.94,0.16084,Train,,,,
22-08-2021,0,27.94477552,1.875584557,85.36724736,14.26176163,27.83943905,-0.094,7.75,314,100,772,16.4,50.94,0.1588,Train,,,,
23-08-2021,4.354610523,29.04410833,0.473599828,82.5684967,18.30408088,27.18816884,-0.0938,7.75,314,100,772,16.4,50.94,0.15676,Train,,,,
24-08-2021,27.79091295,28.59495506,0.473908932,84.49138913,10.3569105,26.53689863,-0.0936,7.75,314,100,772,16.4,50.94,0.15472,Train,,,,
25-08-2021,0,30.0455986,3.898622209,62.22240233,22.28799575,25.88562842,-0.0934,7.75,314,100,772,16.4,50.94,0.15268,Train,,,,
26-08-2021,0,29.56108119,3.21323166,64.27299855,20.96861063,26.81644809,-0.0932,7.75,314,100,772,16.4,50.94,0.15064,Train,,,,
27-08-2021,0,29.56600914,1.927368,63.82777134,20.43075063,27.74726776,-0.093,7.75,314,100,772,16.4,50.94,0.1486,Train,,,,
28-08-2021,0,29.11252874,0.494687074,71.32787183,15.97129537,27.75391338,-0.0928,7.75,314,100,772,16.4,50.94,0.14656,Train,,,,
29-08-2021,0,28.20117785,1.876621123,82.63479244,16.00524638,27.76055901,-0.0926,7.75,314,100,772,16.4,50.94,0.14452,Train,,,,
30-08-2021,0,27.39266993,2.712404912,83.25167583,18.17060263,27.76720463,-0.0924,7.75,314,100,772,16.4,50.94,0.14248,Train,,,,
31-08-2021,24.89427237,26.67442729,2.759737141,87.25323327,14.70806363,27.77385025,-0.0922,7.75,314,100,772,16.4,50.94,0.14044,Train,,,,
1/9/2021,42.91673207,25.66830406,1.782751356,92.70814202,8.1490035,27.78049588,-0.092,7.31,312,196,644,14.4,25,0.1384,Train,,,,
2/9/2021,20.96828095,27.46249669,1.289494922,87.16747041,16.66043988,27.7871415,-0.0918,7.31,312,196,644,14.4,25,0.13636,Train,,,,
3/9/2021,31.45242214,27.31743457,1.538072657,87.28847606,15.72640125,27.79378712,-0.0916,7.31,312,196,644,14.4,25,0.13432,Train,,,,
4/9/2021,23.96375004,27.86783244,0.704117695,84.61244425,12.87985725,27.80043275,-0.0914,7.31,312,196,644,14.4,25,0.13228,Train,,,,
5/9/2021,0,27.99419047,0.612767106,85.52361351,16.45012925,27.80707837,-0.0912,7.31,312,196,644,14.4,25,0.13024,Train,,,,
6/9/2021,0,29.37814674,1.138718841,81.59792832,19.17614288,27.81372399,-0.091,7.31,312,196,644,14.4,25,0.1282,Train,,,,
7/9/2021,24.90667216,28.19658114,2.989527919,82.90636683,13.87663663,27.82036962,-0.0908,7.31,312,196,644,14.4,25,0.12616,Train,,,,
8/9/2021,0,27.81142133,4.147055099,78.42835973,15.5160575,27.82701524,-0.0906,7.31,312,196,644,14.4,25,0.12412,Train,,,,
9/9/2021,0,27.06724256,2.950730155,84.55407466,13.988263,27.83366086,-0.0904,7.31,312,196,644,14.4,25,0.12208,Train,,,,
10/9/2021,28.72363583,26.81545919,3.424160235,86.89880199,14.15802113,27.84030649,-0.0902,7.31,312,196,644,14.4,25,0.12004,Train,,,,
11/9/2021,48.04586474,26.02675781,3.204538281,91.61923062,6.9247105,27.84695211,-0.09,7.31,312,196,644,14.4,25,0.118,Train,,,,
12/9/2021,23.01622562,27.02181079,1.523068447,86.11583025,11.53945175,27.85359773,-0.0898,7.31,312,196,644,14.4,25,0.11596,Train,,,,
13-09-2021,23.01622562,27.05750745,1.339063233,88.487687,12.978349,27.86024336,-0.0896,7.31,312,196,644,14.4,25,0.11392,Train,,,,
14-09-2021,0,28.83978106,2.402216066,76.60725041,18.60894375,27.86688898,-0.0894,7.31,312,196,644,14.4,25,0.11188,Train,,,,
15-09-2021,0,28.35830269,1.275199883,76.84135286,17.11489375,27.8735346,-0.0892,7.31,312,196,644,14.4,25,0.10984,Train,,,,
16-09-2021,0,27.11336734,1.580937807,81.11080623,14.91610363,27.88018023,-0.089,7.31,312,196,644,14.4,25,0.1078,Train,,,,
17-09-2021,0,26.58952675,2.717643872,83.48698211,9.347560375,27.88682585,-0.0888,7.31,312,196,644,14.4,25,0.10576,Train,,,,
18-09-2021,0,27.65748876,2.422476765,81.75371475,17.44239288,27.89347147,-0.0886,7.31,312,196,644,14.4,25,0.10372,Train,,,,
19-09-2021,0,28.04633675,2.329715505,80.85636919,16.94620288,27.9001171,-0.0884,7.31,312,196,644,14.4,25,0.10168,Train,,,,
20-09-2021,0,28.26759427,1.928046681,79.74223746,17.6614125,29.30384643,-0.0882,7.31,312,196,644,14.4,25,0.09964,Train,,,,
21-09-2021,27.34620285,27.74417076,2.281827169,82.36459184,16.70291538,30.70757576,-0.088,7.31,312,196,644,14.4,25,0.0976,Train,,,,
22-09-2021,27.34620285,25.85117111,1.93239117,89.51962999,9.356763625,30.0707372,-0.0878,7.31,312,196,644,14.4,25,0.09556,Train,,,,
23-09-2021,39.86702375,27.12176793,2.23095449,82.86288541,16.4775133,29.43389864,-0.0876,7.31,312,196,644,14.4,25,0.09352,Train,,,,
24-09-2021,0,26.25868505,2.121990328,85.16629165,14.56432706,28.79706008,-0.0874,7.31,312,196,644,14.4,25,0.09148,Train,,,,
25-09-2021,0,27.02660077,1.945217946,81.11773317,17.94752925,28.16022152,-0.0872,7.31,312,196,644,14.4,25,0.08944,Train,,,,
26-09-2021,0,26.45574532,2.206974106,84.80526981,14.6962475,29.05081724,-0.087,7.31,312,196,644,14.4,25,0.0874,Train,,,,
27-09-2021,0,28.13574498,1.527176615,79.18947235,18.08847981,29.94141296,-0.0868,7.31,312,196,644,14.4,25,0.08536,Train,,,,
28-09-2021,0,27.90274264,2.849259154,80.84825691,17.75263,31.39203523,-0.0866,7.31,312,196,644,14.4,25,0.08332,Train,,,,
29-09-2021,0,28.16231054,2.728645715,79.63411369,18.30546375,30.98081761,-0.0864,7.31,312,196,644,14.4,25,0.08128,Train,,,,
30-09-2021,0,27.73271523,1.283574398,83.84522232,17.44622063,30.5696,-0.0862,7.31,312,196,644,14.4,25,0.07924,Train,,,,
1/10/2021,0,28.08593521,0.242485366,81.61097407,17.01815163,30.55822311,-0.086,6.6,688,160,508,18.4,32.4,0.0772,Train,,,,
2/10/2021,0,28.24434751,1.203060955,80.36057627,16.70138244,30.54684621,-0.0858,6.6,688,160,508,18.4,32.4,0.07516,Train,,,,
3/10/2021,0,28.49382426,2.469175344,75.64259443,17.06598556,30.99051522,-0.0856,6.6,688,160,508,18.4,32.4,0.07312,Train,,,,
4/10/2021,5.035798063,28.58424212,1.123639595,72.38841779,18.31672388,31.43418423,-0.0854,6.6,688,160,508,18.4,32.4,0.07108,Train,,,,
5/10/2021,0,27.61298841,0.975909881,78.71760574,15.63767281,26.95552402,-0.0852,6.6,688,160,508,18.4,32.4,0.06904,Train,,,,
6/10/2021,5.5379499,27.20878118,1.696652452,77.4960702,17.80186538,29.76207612,-0.085,6.6,688,160,508,18.4,32.4,0.067,Train,,,,
7/10/2021,0,26.43780924,1.875752609,74.1946138,19.32223046,29.81967994,-0.106,6.6,688,160,508,18.4,32.4,0.0962,Train,,,,
8/10/2021,0,26.82672208,1.37228726,69.11478904,19.45997931,29.7717018,-0.127,6.6,688,160,508,18.4,32.4,0.1254,Train,,,,
9/10/2021,0,27.03994967,1.300446947,66.90567281,19.71374231,31.79615144,-0.148,6.6,688,160,508,18.4,32.4,0.1546,Train,,,,
10/10/2021,0,26.97944667,0.668868129,68.30200169,19.48140913,30.53777518,-0.169,6.6,688,160,508,18.4,32.4,0.1838,Train,,,,
11/10/2021,5.003243069,26.68898354,0.366781103,64.84864667,19.634971,32.62230289,-0.19,6.6,688,160,508,18.4,32.4,0.213,Train,,,,
12/10/2021,0,26.56698888,1.28599129,61.74804392,19.57665425,31.83291959,-0.1712,6.6,688,160,508,18.4,32.4,0.1836,Train,,,,
13-10-2021,0,25.2295166,2.76774115,57.40930437,19.9114455,31.37262295,-0.1524,6.6,688,160,508,18.4,32.4,0.1542,Train,,,,
14-10-2021,0,24.74623833,2.832749889,58.84917644,19.7700865,30.12484778,-0.1336,6.6,688,160,508,18.4,32.4,0.1248,Train,,,,
15-10-2021,0,25.80841535,1.02913421,62.62998262,19.3397765,30.0020687,-0.1148,6.6,688,160,508,18.4,32.4,0.0954,Train,,,,
16-10-2021,0,26.25745481,1.253109987,69.6860123,18.75910638,30.3647541,-0.096,6.6,688,160,508,18.4,32.4,0.066,Train,,,,
17-10-2021,0,25.52977905,1.877500747,82.35964645,12.930589,29.13397518,-0.0886,6.6,688,160,508,18.4,32.4,0.0788,Train,,,,
18-10-2021,11.32272472,21.35545184,2.073079173,92.17967893,2.910713,27.90319625,-0.0812,6.6,688,160,508,18.4,32.4,0.0916,Train,,,,
19-10-2021,0,23.52799377,2.608718052,78.18907662,17.284319,26.67241733,-0.0738,6.6,688,160,508,18.4,32.4,0.1044,Train,,,,
20-10-2021,0,23.62670288,2.686615083,67.07127289,18.65760025,27.3108587,-0.0664,6.6,688,160,508,18.4,32.4,0.1172,Train,,,,
21-10-2021,0,22.86410039,3.311584326,53.94327621,19.105407,26.79179547,-0.059,6.6,688,160,508,18.4,32.4,0.13,Train,,,,
22-10-2021,0,23.31870295,1.838665861,63.06509342,18.61168725,26.58106948,-0.056,6.6,688,160,508,18.4,32.4,0.125,Train,,,,
23-10-2021,0,23.19678268,1.597737509,68.87748846,18.0812035,28.16150664,-0.053,6.6,688,160,508,18.4,32.4,0.12,Train,,,,
24-10-2021,0,21.97345505,1.752703715,77.92328125,13.5346835,26.51906323,-0.05,6.6,688,160,508,18.4,32.4,0.115,Train,,,,
25-10-2021,0,22.08379326,2.109306699,74.19250016,16.2900205,24.87661983,-0.047,6.6,688,160,508,18.4,32.4,0.11,Train,,,,
26-10-2021,0,20.40889575,2.324801929,70.68380712,18.08705875,23.88598751,-0.044,6.6,688,160,508,18.4,32.4,0.105,Train,,,,
27-10-2021,0,20.40993144,2.534219216,64.98034783,17.95058625,24.73697892,-0.0374,6.6,688,160,508,18.4,32.4,0.1006,Train,,,,
28-10-2021,0,20.2091067,2.269942192,68.57150304,17.922496,25.40181889,-0.0308,6.6,688,160,508,18.4,32.4,0.0962,Train,,,,
29-10-2021,0,20.32284381,1.97513398,66.93194651,17.8481095,26.31334114,-0.0242,6.6,688,160,508,18.4,32.4,0.0918,Train,,,,
30-10-2021,0,20.65960019,2.982165926,60.357218,17.95552125,26.01967994,-0.0176,6.6,688,160,508,18.4,32.4,0.0874,Train,,,,
31-10-2021,0,21.04379298,1.463227191,60.86254094,17.652577,24.49941452,-0.011,6.6,688,160,508,18.4,32.4,0.083,Train,,,,
1/11/2021,0,21.37142334,2.207100078,61.81703302,17.46278975,25.51477752,-0.018,6.6,688,160,508,18.4,32.4,0.0764,Train,,,,
2/11/2021,0,21.16030782,2.611704289,64.5963158,16.95911,24.38830601,-0.025,6.6,688,160,508,18.4,32.4,0.0698,Train,,,,
3/11/2021,0,21.27615191,1.281645647,66.33267985,16.72431975,23.2618345,-0.032,6.6,688,160,508,18.4,32.4,0.0632,Train,,,,
4/11/2021,0,21.29157918,0.585391893,68.66835889,16.3256925,23.45804059,-0.039,6.6,688,160,508,18.4,32.4,0.0566,Train,,,,
5/11/2021,0,20.0542942,1.514876516,68.03309187,16.2359585,22.11637002,-0.046,6.6,688,160,508,18.4,32.4,0.05,Train,,,,
6/11/2021,0,20.75617752,3.225800382,57.8221346,16.8810275,23.47059329,-0.053,6.6,688,160,508,18.4,32.4,0.0434,Train,,,,
7/11/2021,0,20.13848775,2.533244998,61.90311118,16.8308675,23.27204528,-0.06,6.6,688,160,508,18.4,32.4,0.0368,Train,,,,
8/11/2021,0,20.38063202,2.741447706,57.7940149,16.8221615,24.27508977,-0.067,6.6,688,160,508,18.4,32.4,0.0302,Train,,,,
9/11/2021,0,19.82388903,1.853241441,63.20541156,16.64641625,23.47521468,-0.074,6.6,688,160,508,18.4,32.4,0.0236,Train,,,,
10/11/2021,0,19.85706291,1.808474488,63.14068075,16.6343255,23.98019516,-0.081,6.6,688,160,508,18.4,32.4,0.017,Train,,,,
11/11/2021,0,19.8030201,1.118650491,65.49205223,16.49643525,21.99396565,-0.0772,6.6,688,160,508,18.4,32.4,0.0274,Train,,,,
12/11/2021,0,19.28318494,1.621442001,65.22440554,16.3735935,20.82600312,-0.0734,6.6,688,160,508,18.4,32.4,0.0378,Train,,,,
13-11-2021,0,18.44646225,2.079482129,62.12751086,16.32742575,23.92539422,-0.0696,6.6,688,160,508,18.4,32.4,0.0482,Train,,,,
14-11-2021,0,18.17422066,1.013321671,59.91942276,16.39967175,22.98959407,-0.0658,6.6,688,160,508,18.4,32.4,0.0586,Train,,,,
15-11-2021,0,17.75936216,1.966590065,60.55305995,16.18760675,22.5725605,-0.062,6.6,688,160,508,18.4,32.4,0.069,Train,,,,
16-11-2021,0,17.22496821,1.884896553,63.05042291,16.23304,22.71697892,-0.0154,6.6,688,160,508,18.4,32.4,0.0757,Train,,,,
17-11-2021,0,17.87337456,0.707712153,63.48067217,15.979893,22.48812646,0.0312,6.6,688,160,508,18.4,32.4,0.0824,Train,,,,
18-11-2021,0,18.25272713,0.648229451,64.181793,15.66368525,22.46455113,0.0778,6.6,688,160,508,18.4,32.4,0.0891,Train,,,,
19-11-2021,0,18.60197474,1.427564125,62.61680535,15.04469525,22.4409758,0.1244,6.6,688,160,508,18.4,32.4,0.0958,Train,,,,
20-11-2021,0,18.3534771,1.648069212,61.63945134,10.86340725,22.48284153,0.171,6.6,688,160,508,18.4,32.4,0.1025,Train,,,,
21-11-2021,0,18.26914749,2.885367203,55.7094368,15.5933535,22.52470726,0.2176,6.6,688,160,508,18.4,32.4,0.1092,Train,,,,
22-11-2021,0,18.16648318,3.676937308,46.02274508,15.94121525,23.14692428,0.2642,6.6,688,160,508,18.4,32.4,0.1159,Train,,,,
23-11-2021,0,18.18150419,1.359601235,55.04148289,15.61804025,21.22639344,0.3108,6.6,688,160,508,18.4,32.4,0.1226,Train,,,,
24-11-2021,0,17.91292725,1.667465676,61.31089109,15.32881925,21.8636612,0.3574,6.6,688,160,508,18.4,32.4,0.1293,Train,,,,
25-11-2021,0,17.88384082,1.323733365,66.89117815,14.90163075,20.44413547,0.404,6.6,688,160,508,18.4,32.4,0.136,Train,,,,
26-11-2021,0,18.25229543,1.388351301,69.02908794,14.8145515,20.9259719,0.37507,6.6,688,160,508,18.4,32.4,0.12953,Train,,,,
27-11-2021,0,18.77724037,2.288428804,71.66430523,14.55395975,20.94120999,0.34613,6.6,688,160,508,18.4,32.4,0.12307,Train,,,,
28-11-2021,0,18.62869987,0.940619903,75.39250055,14.22903475,20.91391881,0.3172,6.6,688,160,508,18.4,32.4,0.1166,Train,,,,
29-11-2021,0,18.08028247,2.737201665,62.43499354,14.87034475,21.95555816,0.28827,6.6,688,160,508,18.4,32.4,0.11013,Train,,,,
30-11-2021,0,17.6296828,2.297526373,61.82999248,14.16156,17.57350181,0.25933,6.6,688,160,508,18.4,32.4,0.10367,Train,,,,
1/12/2021,0,17.21668078,1.589790818,68.34203726,7.9735975,17.41672359,0.2304,7.7,636,220,508,14.8,58.6,0.0972,Train,,,,
2/12/2021,0.498029937,16.48256709,2.719013931,74.11905859,3.38948125,17.25994537,0.20147,7.7,636,220,508,14.8,58.6,0.09073,Train,,,,
3/12/2021,0,16.82149849,1.430011795,74.81712705,8.43001075,17.10316715,0.17253,7.7,636,220,508,14.8,58.6,0.08427,Train,,,,
4/12/2021,0,18.38774643,1.302268482,68.12351577,14.065047,16.94638893,0.1436,7.7,636,220,508,14.8,58.6,0.0778,Train,,,,
5/12/2021,0,18.9563544,0.762401012,73.66782666,11.9099145,16.78961071,0.11467,7.7,636,220,508,14.8,58.6,0.07133,Train,,,,
6/12/2021,3.940815359,17.64442914,1.801804553,79.37447202,12.362837,18.88646421,0.08573,7.7,636,220,508,14.8,58.6,0.06487,Train,,,,
7/12/2021,0,16.63462855,2.803879818,64.92593707,14.42085075,20.98331772,0.0568,7.7,636,220,508,14.8,58.6,0.0584,Train,,,,
8/12/2021,0,15.68519491,1.96478528,65.55390029,14.4413675,21.00464481,0.02787,7.7,636,220,508,14.8,58.6,0.05193,Train,,,,
9/12/2021,0,15.6877107,1.528650279,68.61964538,14.26945775,18.96044496,-0.00107,7.7,636,220,508,14.8,58.6,0.04547,Train,,,,
10/12/2021,0,15.51800245,2.579113205,63.37302275,14.23706125,19.56948478,-0.03,7.7,636,220,508,14.8,58.6,0.039,Train,,,,
11/12/2021,0,14.77073758,2.173516008,62.8235622,14.47113125,19.34773614,-0.0318,7.7,636,220,508,14.8,58.6,0.0362,Train,,,,
12/12/2021,0,14.77482567,0.291477212,65.09159259,14.00044475,18.2008509,-0.0336,7.7,636,220,508,14.8,58.6,0.0334,Train,,,,
13-12-2021,0,14.2989371,0.945236325,69.29886123,11.165893,17.89776737,-0.0354,7.7,636,220,508,14.8,58.6,0.0306,Train,,,,
14-12-2021,0,14.54719442,1.357101701,72.89036774,13.32011525,17.59468384,-0.0372,7.7,636,220,508,14.8,58.6,0.0278,Train,,,,
15-12-2021,0,14.15920601,1.974169669,62.2301556,14.29471375,20.11,-0.039,7.7,636,220,508,14.8,58.6,0.025,Train,,,,
16-12-2021,0,14.33172824,2.181730701,64.56692666,10.300611,16.53472924,-0.0332,7.7,636,220,508,14.8,58.6,0.0246,Train,,,,
17-12-2021,0,12.44692128,3.555866159,52.28024951,14.63684825,17.43760343,-0.0274,7.7,636,220,508,14.8,58.6,0.0242,Train,,,,
18-12-2021,0,11.96924871,3.897117702,55.03951902,14.49040125,16.63355972,-0.0216,7.7,636,220,508,14.8,58.6,0.0238,Train,,,,
19-12-2021,0,11.6963033,3.26284832,58.48319375,14.64207325,15.829516,-0.0158,7.7,636,220,508,14.8,58.6,0.0234,Train,,,,
20-12-2021,0,11.92941945,1.853419103,61.51441432,14.4481965,16.23491023,-0.01,7.7,636,220,508,14.8,58.6,0.023,Train,,,,
21-12-2021,0,12.47925466,1.355354744,66.21522057,14.15185775,16.64030445,-0.016,7.7,636,220,508,14.8,58.6,0.0226,Train,,,,
22-12-2021,0,13.19240278,0.847876984,67.40633715,14.0376875,17.87033727,-0.022,7.7,636,220,508,14.8,58.6,0.0222,Train,,,,
23-12-2021,0,14.38200404,1.936987774,69.75425074,12.8654825,16.03165496,-0.028,7.7,636,220,508,14.8,58.6,0.0218,Train,,,,
24-12-2021,3.639180144,14.94983699,1.779799425,71.21536129,13.594139,17.1659719,-0.034,7.7,636,220,508,14.8,58.6,0.0214,Train,,,,
25-12-2021,0,14.86130295,1.106996171,75.30602649,13.80968025,17.28524715,-0.04,7.7,636,220,508,14.8,58.6,0.021,Train,,,,
26-12-2021,0,15.15481656,1.864669357,81.60407925,6.7628545,16.66317393,-0.03977,7.7,636,220,508,14.8,58.6,0.02263,Train,,,,
27-12-2021,0,14.85412178,1.401053632,74.26931449,12.97597675,16.0411007,-0.03954,7.7,636,220,508,14.8,58.6,0.02426,Train,,,,
28-12-2021,0.51316008,13.8190787,0.535592856,80.95226737,8.3900375,16.88075712,-0.03931,7.7,636,220,508,14.8,58.6,0.02589,Train,,,,
29-12-2021,0,12.68785884,1.948922469,71.86213856,13.2211485,17.72041353,-0.03909,7.7,636,220,508,14.8,58.6,0.02751,Train,,,,
30-12-2021,0,11.31553421,1.896280175,60.52141191,12.448114,10.56548736,-0.03886,7.7,636,220,508,14.8,58.6,0.02914,Train,,,,
31-12-2021,0,11.31092415,2.084957332,67.59777177,14.507949,14.35626073,-0.03863,7.7,636,220,508,14.8,58.6,0.03077,Train,,,,
1/1/2022,0,11.6225722,1.618223011,72.1930788,14.4032645,15.65210773,-0.0384,7.7,636,220,508,14.8,58.6,0.0324,Train,,,,
2/1/2022,0,12.06995227,1.684492119,72.3260016,13.604135,14.64726776,-0.03817,7.7,636,220,508,14.8,58.6,0.03403,Train,,,,
3/1/2022,0,13.18957609,1.732736331,71.95507823,14.23033675,16.61010929,-0.03794,7.7,636,220,508,14.8,58.6,0.03566,Train,,,,
4/1/2022,30.20800368,15.24630318,0.352946385,68.3720272,13.49857975,16.51638318,-0.03771,7.7,636,220,508,14.8,58.6,0.03729,Train,,,,
5/1/2022,0,13.83459752,2.144911375,88.73539269,2.2114475,16.42265707,-0.03749,7.7,636,220,508,14.8,58.6,0.03891,Train,,,,
6/1/2022,0,15.41779734,2.611183979,81.9913823,7.76734475,16.32893096,-0.03726,7.7,636,220,508,14.8,58.6,0.04054,Train,,,,
7/1/2022,20.26391315,16.35722885,3.728221145,82.96897357,7.1592175,16.31624299,-0.03703,7.7,636,220,508,14.8,58.6,0.04217,Train,,,,
8/1/2022,16.65411719,15.6919164,3.194979373,94.1122086,3.74513625,16.30355503,-0.0368,7.7,636,220,508,14.8,58.6,0.0438,Train,,,,
9/1/2022,0,13.65804507,2.404237614,88.88472156,6.35044075,16.29086707,-0.03657,7.7,636,220,508,14.8,58.6,0.04543,Train,,,,
10/1/2022,0,11.88012657,2.454484505,75.59867325,11.437558,16.2781791,-0.03634,7.7,636,220,508,14.8,58.6,0.04706,Train,,,,
11/1/2022,0,12.66669362,2.619768789,73.92849066,12.6849235,16.19234192,-0.03611,7.7,636,220,508,14.8,58.6,0.04869,Train,,,,
12/1/2022,0,13.24360046,1.776884406,77.74894852,11.0944525,16.19587354,-0.03589,7.7,636,220,508,14.8,58.6,0.05031,Train,,,,
13-01-2022,0,13.11416906,0.309900849,76.76691823,10.6153145,16.19940515,-0.03566,7.7,636,220,508,14.8,58.6,0.05194,Train,,,,
14-01-2022,0,12.53782043,1.530870134,79.28858158,10.07095475,16.20293677,-0.03543,7.7,636,220,508,14.8,58.6,0.05357,Train,,,,
15-01-2022,0,11.84288623,1.758636446,80.42556083,14.892262,16.20646838,-0.0352,7.7,636,220,508,14.8,58.6,0.0552,Train,,,,
16-01-2022,0,11.65255826,0.985541218,80.75462015,13.93313275,16.21,-0.03497,7.7,636,220,508,14.8,58.6,0.05683,Train,,,,
17-01-2022,0,10.40695343,0.761970672,82.78900188,11.71309625,15.88180511,-0.03474,7.7,636,220,508,14.8,58.6,0.05846,Train,,,,
18-01-2022,0,11.00325038,2.125300478,83.65584644,15.0802265,15.55361022,-0.03451,7.7,636,220,508,14.8,58.6,0.06009,Train,,,,
19-01-2022,0,11.76054789,0.821123552,86.38438943,12.15846075,15.22541534,-0.03429,7.7,636,220,508,14.8,58.6,0.06171,Train,,,,
20-01-2022,0,12.42313156,1.506107877,84.60743327,11.6683585,14.89722045,-0.03406,7.7,636,220,508,14.8,58.6,0.06334,Train,,,,
21-01-2022,0,13.16312052,2.104882374,78.71817232,12.31467775,14.56902556,-0.03383,7.7,636,220,508,14.8,58.6,0.06497,Train,,,,
22-01-2022,0,13.231368,4.863207381,87.19232449,5.12711775,14.24083067,-0.0336,7.7,636,220,508,14.8,58.6,0.0666,Train,,,,
23-01-2022,0,11.94882991,0.706635768,88.08425709,4.335361,13.91263578,-0.03337,7.7,636,220,508,14.8,58.6,0.06823,Train,,,,
24-01-2022,0,11.45333252,1.824697666,78.27597955,11.37318875,13.58444089,-0.03314,7.7,636,220,508,14.8,58.6,0.06986,Train,,,,
25-01-2022,0,11.22102954,2.208082207,78.76194863,12.22715125,14.29375685,-0.03291,7.7,636,220,508,14.8,58.6,0.07149,Train,,,,
26-01-2022,0,11.32496223,2.624922794,77.15217161,12.30497825,15.0030728,-0.03269,7.7,636,220,508,14.8,58.6,0.07311,Train,,,,
27-01-2022,0,11.70700989,3.370425005,72.22147079,15.72204075,15.71238876,-0.03246,7.7,636,220,508,14.8,58.6,0.07474,Train,,,,
28-01-2022,0,11.6938104,3.330919586,68.74069103,16.96697825,16.28075722,-0.03223,7.7,636,220,508,14.8,58.6,0.07637,Train,,,,
29-01-2022,0,12.84665006,2.658665144,72.03005841,16.725534,17.38309914,-0.032,7.7,636,220,508,14.8,58.6,0.078,Train,,,,
30-01-2022,0,13.97329547,3.450090905,73.09000377,16.95630575,17.84765808,-0.0294,7.7,636,220,508,14.8,58.6,0.0725,Train,,,,
31-01-2022,0,13.78680255,0.71452037,80.58549074,16.85602375,16.90086651,-0.0268,7.7,636,220,508,14.8,58.6,0.067,Train,,,,
1/2/2022,0,14.17932281,2.466219223,81.40919527,15.483511,17.18307692,-0.0242,7.2,642,222,502,36.8,58,0.0615,Train,,,,
2/2/2022,0,14.7256307,1.268748616,73.76550163,17.1389935,17.12512881,-0.0216,7.2,642,222,502,36.8,58,0.056,Train,,,,
3/2/2022,0.542393078,12.89250336,2.223254656,88.96807809,6.83049525,16.94040333,-0.019,7.2,642,222,502,36.8,58,0.0505,Train,,,,
4/2/2022,0,11.82881699,2.887457271,81.9257061,9.2588675,16.75567786,-0.0164,7.2,642,222,502,36.8,58,0.045,Train,,,,
5/2/2022,0,11.53022474,0.754550225,82.83347817,15.23264275,16.57095238,-0.0138,7.2,642,222,502,36.8,58,0.0395,Train,,,,
6/2/2022,0,12.72034988,0.522771751,76.75716182,17.81509125,17.13387198,-0.0112,7.2,642,222,502,36.8,58,0.034,Train,,,,
7/2/2022,0,15.61308187,1.586039665,75.7101536,17.4055075,17.69679157,-0.0086,7.2,642,222,502,36.8,58,0.0285,Train,,,,
8/2/2022,0,16.04078382,1.072007936,79.62911442,16.23891525,19.72432314,-0.006,7.2,642,222,502,36.8,58,0.023,Train,,,,
9/2/2022,0,13.87323341,1.507953128,83.74832695,12.38291375,14.20441065,-0.012,7.2,642,222,502,36.8,58,0.0232,Train,,,,
10/2/2022,0,13.75701421,2.813920907,69.79287976,16.45507,18.94659641,-0.018,7.2,642,222,502,36.8,58,0.0234,Train,,,,
11/2/2022,0,14.22291527,3.828681792,63.13068243,18.73223375,19.23327869,-0.024,7.2,642,222,502,36.8,58,0.0236,Train,,,,
12/2/2022,0,14.19514809,2.575827035,65.8300302,19.10283275,19.79096799,-0.03,7.2,642,222,502,36.8,58,0.0238,Train,,,,
13-02-2022,5.216375311,14.76997083,0.659332328,69.9528393,18.78739725,20.87682279,-0.036,7.2,642,222,502,36.8,58,0.024,Train,,,,
14-02-2022,0,15.3153848,0.530340703,68.64988924,18.829798,20.91404372,-0.0392,7.2,642,222,502,36.8,58,0.0298,Train,,,,
15-02-2022,0,16.19028244,0.299419371,66.8596186,18.70476725,21.30294301,-0.0424,7.2,642,222,502,36.8,58,0.0356,Train,,,,
16-02-2022,6.264369299,16.24060211,1.827461023,70.8855093,18.655622,21.61465262,-0.0456,7.2,642,222,502,36.8,58,0.0414,Train,,,,
17-02-2022,0,16.20389328,1.288046888,68.21754616,18.62329613,22.98965652,-0.0488,7.2,642,222,502,36.8,58,0.0472,Train,,,,
18-02-2022,0,16.94060351,1.809172709,61.83880857,18.817436,23.21430913,-0.052,7.2,642,222,502,36.8,58,0.053,Train,,,,
19-02-2022,0,16.67629458,3.132049523,60.72206405,19.6357955,23.22486339,-0.0539,7.2,642,222,502,36.8,58,0.0511,Train,,,,
20-02-2022,0,16.7231575,3.73373409,57.17134366,19.0742055,21.64163154,-0.0558,7.2,642,222,502,36.8,58,0.0492,Train,,,,
21-02-2022,0,16.37910233,0.209812772,58.34935218,20.234018,22.42559719,-0.0577,7.2,642,222,502,36.8,58,0.0473,Train,,,,
22-02-2022,0,19.13809675,5.591150019,56.35890725,19.681066,22.25698673,-0.0596,7.2,642,222,502,36.8,58,0.0454,Train,,,,
23-02-2022,0,17.72278493,2.702748359,73.58100391,18.819849,22.08837627,-0.0615,7.2,642,222,502,36.8,58,0.0435,Train,,,,
24-02-2022,0,18.0749527,0.966880373,72.48436831,16.9735095,21.91976581,-0.0634,7.2,642,222,502,36.8,58,0.0416,Train,,,,
25-02-2022,8.071314077,18.74846102,2.098238059,68.44079062,19.05537263,21.75115535,-0.0653,7.2,642,222,502,36.8,58,0.0397,Train,,,,
26-02-2022,0,18.01640854,4.032646254,61.27078566,19.49897225,18.430955,-0.0672,7.2,642,222,502,36.8,58,0.0378,Train,,,,
27-02-2022,0,17.17658641,2.547601838,62.04012548,20.09124288,21.53989852,-0.0691,7.2,642,222,502,36.8,58,0.0359,Train,,,,
28-02-2022,0,16.19547488,2.68790973,62.43535458,21.25786225,22.40010148,-0.071,7.2,642,222,502,36.8,58,0.034,Train,,,,
1/3/2022,0,17.03343925,1.672772874,62.34320004,21.01223338,22.18286495,-0.0674,7.2,642,222,502,36.8,58,0.0342,Train,,,,
2/3/2022,0,18.20717138,1.510056735,62.9312766,21.02199725,23.7021936,-0.0638,7.2,642,222,502,36.8,58,0.0344,Train,,,,
3/3/2022,0,19.2419309,1.210230565,67.56059911,19.39075138,23.24045277,-0.0602,7.2,642,222,502,36.8,58,0.0346,Train,,,,
4/3/2022,0,19.13224119,3.238765104,66.72701597,20.10572658,22.77871194,-0.0566,7.2,642,222,502,36.8,58,0.0348,Train,,,,
5/3/2022,0,18.81085294,3.251724798,61.82945136,21.63131266,24.49156128,-0.053,7.2,642,222,502,36.8,58,0.035,Train,,,,
6/3/2022,0,19.41442579,0.266542667,63.84938436,18.51145106,24.66099141,-0.0406,7.2,642,222,502,36.8,58,0.0268,Train,,,,
7/3/2022,0,20.37244568,0.918131965,62.66802417,20.17769269,24.83042155,-0.0282,7.2,642,222,502,36.8,58,0.0186,Train,,,,
8/3/2022,0,21.08429298,2.496079359,59.01416041,21.88549963,26.41612022,-0.0158,7.2,642,222,502,36.8,58,0.0104,Train,,,,
9/3/2022,0,22.12800624,2.688162285,52.30394128,21.47495356,27.20392662,-0.0034,7.2,642,222,502,36.8,58,0.0022,Train,,,,
10/3/2022,0,21.84044291,2.815560614,54.8866296,21.83976263,25.49043716,0.009,7.2,642,222,502,36.8,58,-0.006,Train,,,,
11/3/2022,0,21.61302465,3.054746522,53.53330117,22.45397456,26.4275644,0.0342,7.2,642,222,502,36.8,58,0.0192,Train,,,,
12/3/2022,0,21.9845857,2.689634225,53.00684183,22.86122788,28.17273224,0.0594,7.2,642,222,502,36.8,58,0.0444,Train,,,,
13-03-2022,0,23.83067538,1.985031028,58.51361427,22.26544369,27.77864949,0.0846,7.2,642,222,502,36.8,58,0.0696,Train,,,,
14-03-2022,0,24.95365804,0.815472202,61.39314479,22.45943369,29.39374707,0.1098,7.2,642,222,502,36.8,58,0.0948,Train,,,,
15-03-2022,0,25.98643901,2.58354847,58.69017759,22.40031275,30.32711163,0.135,7.2,642,222,502,36.8,58,0.12,Train,,,,
16-03-2022,0,26.87639135,3.605542175,51.81859991,22.80907544,30.08181889,0.11,7.2,642,222,502,36.8,58,0.1094,Train,,,,
17-03-2022,0,26.38122203,1.139040239,63.80225017,22.78682031,30.01480874,0.085,7.2,642,222,502,36.8,58,0.0988,Train,,,,
18-03-2022,0,27.13030014,2.621680273,60.16234977,22.62997663,30.32419204,0.06,7.2,642,222,502,36.8,58,0.0882,Train,,,,
19-03-2022,0,27.09996376,1.636015617,58.02619232,22.96786763,31.01126464,0.035,7.2,642,222,502,36.8,58,0.0776,Train,,,,
20-03-2022,0,27.96209424,0.550908039,51.96253097,23.0475897,31.36581577,0.01,7.2,642,222,502,36.8,58,0.067,Train,,,,
21-03-2022,0,27.65095545,2.782491949,47.32856935,23.16021518,29.57126464,0.0038,7.2,642,222,502,36.8,58,0.065,Train,,,,
22-03-2022,0,26.63993861,3.502188959,39.31736813,24.36464188,31.57883685,-0.0024,7.2,642,222,502,36.8,58,0.063,Train,,,,
23-03-2022,0,26.51607793,1.354196199,43.24327357,23.71292263,31.18739266,-0.0086,7.2,642,222,502,36.8,58,0.061,Train,,,,
24-03-2022,0,26.61726341,2.020440758,38.39340397,24.33570588,30.6342623,-0.0148,7.2,642,222,502,36.8,58,0.059,Train,,,,
25-03-2022,0,26.06304194,3.064433599,36.1684374,24.5233265,30.93137393,-0.021,7.2,642,222,502,36.8,58,0.057,Train,,,,
26-03-2022,0,26.88301875,4.532071111,30.24564204,24.9379805,29.98965652,-0.0204,7.2,642,222,502,36.8,58,0.0606,Train,,,,
27-03-2022,0,27.18809217,2.532429359,34.6648699,25.092414,31.27049961,-0.0198,7.2,642,222,502,36.8,58,0.0642,Train,,,,
28-03-2022,0,27.58779869,1.863946738,35.76379482,25.10407375,32.60127244,-0.0192,7.2,642,222,502,36.8,58,0.0678,Train,,,,
29-03-2022,0,28.02612775,2.343016133,35.03648029,25.22652175,33.63777518,-0.0186,7.2,642,222,502,36.8,58,0.0714,Train,,,,
30-03-2022,0,28.04237328,0.862094065,40.47825651,25.02356713,33.27933646,-0.018,7.2,642,222,502,36.8,58,0.075,Train,,,,
31-03-2022,0,29.35580788,1.031828424,38.36298623,24.86921588,31.3562139,-0.0114,7.2,642,222,502,36.8,58,0.0732,Train,,,,
1/4/2022,0,27.42835642,3.022506656,26.76611043,26.01619238,33.4932943,-0.0048,7.3,580,216,540,40.8,60,0.0714,Train,,,,
2/4/2022,0,28.45824458,0.487701,28.35606389,25.78334563,33.23348165,0.0018,7.3,580,216,540,40.8,60,0.0696,Train,,,,
3/4/2022,0,28.59099286,0.615330114,25.33528883,26.22050163,33.99696331,0.0084,7.3,580,216,540,40.8,60,0.0678,Train,,,,
4/4/2022,0,28.54667053,2.628051284,26.79554309,26.1374145,31.2862217,0.015,7.3,580,216,540,40.8,60,0.066,Train,,,,
5/4/2022,0,28.62936999,2.266405407,25.34321674,26.25958625,34.52105386,0.0026,7.3,580,216,540,40.8,60,0.082,Train,,,,
6/4/2022,0,29.16432851,2.416110899,26.59996289,26.13975325,34.49035909,-0.0098,7.3,580,216,540,40.8,60,0.098,Train,,,,
7/4/2022,0,29.5400444,2.139866764,28.33483439,26.06119675,35.27423107,-0.0222,7.3,580,216,540,40.8,60,0.114,Train,,,,
8/4/2022,0,30.56508662,1.286096287,26.8563965,26.259367,35.29240437,-0.0346,7.3,580,216,540,40.8,60,0.13,Train,,,,
9/4/2022,0,31.45970688,1.528700803,24.2237692,25.00369388,35.69704137,-0.047,7.3,580,216,540,40.8,60,0.146,Train,,,,
10/4/2022,0,31.48653501,2.864464289,24.01490093,26.36540988,35.31115535,-0.0304,7.3,580,216,540,40.8,60,0.141,Train,,,,
11/4/2022,0,31.9592008,2.063838486,23.04626756,26.05919975,33.8530445,-0.0138,7.3,580,216,540,40.8,60,0.136,Train,,,,
12/4/2022,0,30.97867991,0.065554623,28.30353673,23.15307788,32.83899297,0.0028,7.3,580,216,540,40.8,60,0.131,Train,,,,
13-04-2022,0,30.65911382,1.215228197,25.16624695,26.28748163,31.82494145,0.0194,7.3,580,216,540,40.8,60,0.126,Train,,,,
14-04-2022,0,29.76982206,0.600130503,28.93852031,25.72011913,32.15150562,0.036,7.3,580,216,540,40.8,60,0.121,Train,,,,
15-04-2022,0,29.7734848,0.790865158,26.36957217,26.19281538,31.75558938,0.0366,7.3,580,216,540,40.8,60,0.1268,Train,,,,
16-04-2022,0,29.67605553,0.954391711,25.89402289,26.43410625,31.8012256,0.0372,7.3,580,216,540,40.8,60,0.1326,Train,,,,
17-04-2022,0,31.18347638,0.647862015,26.07525226,26.90691463,33.34684621,0.0378,7.3,580,216,540,40.8,60,0.1384,Train,,,,
18-04-2022,0,31.81509425,0.584834189,30.52618008,26.16667863,31.85838407,0.0384,7.3,580,216,540,40.8,60,0.1442,Train,,,,
19-04-2022,0,32.65201721,2.796568706,21.98068562,25.51654625,34.21427791,0.039,7.3,580,216,540,40.8,60,0.15,Train,,,,
20-04-2022,0,32.89297702,2.951780401,21.31478042,26.88356988,31.87691647,0.0344,7.3,580,216,540,40.8,60,0.134,Train,,,,
21-04-2022,0,29.48865916,0.681427167,33.44294021,17.81941275,31.26726776,0.0298,7.3,580,216,540,40.8,60,0.118,Train,,,,
22-04-2022,0,30.22793605,1.213213255,28.24183651,25.644521,30.65761905,0.0252,7.3,580,216,540,40.8,60,0.102,Train,,,,
23-04-2022,0,30.64813449,2.407575272,22.47261029,27.27981175,36.36722092,0.0206,7.3,580,216,540,40.8,60,0.086,Train,,,,
24-04-2022,0,31.33237801,3.65810929,21.16117837,27.45992325,33.63568306,0.016,7.3,580,216,540,40.8,60,0.07,Train,,,,
25-04-2022,0,31.81615473,2.557882979,22.97097865,25.51438175,34.59092116,0.0256,7.3,580,216,540,40.8,60,0.082,Train,,,,
26-04-2022,0,31.50351868,2.45240357,23.36766928,27.01143588,34.33808743,0.0352,7.3,580,216,540,40.8,60,0.094,Train,,,,
27-04-2022,0,32.30270538,2.672461626,21.33551764,27.90370263,37.35643247,0.0448,7.3,580,216,540,40.8,60,0.106,Train,,,,
28-04-2022,0,33.53344307,1.689272682,22.80155419,27.320115,37.69999219,0.0544,7.3,580,216,540,40.8,60,0.118,Train,,,,
29-04-2022,0,34.09735514,3.355555682,18.23221207,27.22303288,34.11964871,0.064,7.3,580,216,540,40.8,60,0.13,Train,,,,
30-04-2022,0,34.30443662,0.861374961,19.90584786,27.13655938,39.5379313,0.0696,7.3,580,216,540,40.8,60,0.1216,Train,,,,
1/5/2022,0,31.98793437,3.650423913,41.53593937,25.67376338,35.99508479,0.0752,7.4,624,232,512,39.6,62,0.1132,Train,,,,
2/5/2022,0,32.74413261,3.884886628,42.17226137,26.88753125,32.45223827,0.0808,7.4,624,232,512,39.6,62,0.1048,Train,,,,
3/5/2022,0,31.48327154,1.750408985,47.28662374,25.70211063,32.07652226,0.0864,7.4,624,232,512,39.6,62,0.0964,Train,,,,
4/5/2022,0.513063222,30.36878166,1.819496285,52.98860451,24.63284638,31.70080626,0.092,7.4,624,232,512,39.6,62,0.088,Train,,,,
5/5/2022,0,30.27566872,0.688481558,47.74289228,26.2727015,31.32509025,0.1158,7.4,624,232,512,39.6,62,0.0908,Train,,,,
6/5/2022,0,31.36179123,0.563729656,36.54604614,25.60433825,34.23664739,0.1396,7.4,624,232,512,39.6,62,0.0936,Train,,,,
7/5/2022,0,31.58201752,1.035828124,35.10774438,25.86195125,37.14820453,0.1634,7.4,624,232,512,39.6,62,0.0964,Train,,,,
8/5/2022,0,32.34854151,2.110984229,37.30930241,27.17077738,34.53527713,0.1872,7.4,624,232,512,39.6,62,0.0992,Train,,,,
9/5/2022,0,32.69903971,3.725944124,43.61551609,26.24586838,32.25847775,0.211,7.4,624,232,512,39.6,62,0.102,Train,,,,
10/5/2022,0,32.60300789,3.011073675,47.67474356,25.907591,30.51252708,0.1636,7.4,624,232,512,39.6,62,0.1012,Train,,,,
11/5/2022,0.490492031,33.45483424,2.074403304,46.17422039,25.761345,28.74061372,0.1162,7.4,624,232,512,39.6,62,0.1004,Train,,,,
12/5/2022,0,34.53591499,1.878603584,40.46662619,26.51898725,35.73053084,0.0688,7.4,624,232,512,39.6,62,0.0996,Train,,,,
13-05-2022,0,34.17388496,0.427079146,40.32662482,27.174255,31.35429352,0.0214,7.4,624,232,512,39.6,62,0.0988,Train,,,,
14-05-2022,0,35.3990729,1.280509756,25.61412543,28.30085425,38.39541764,-0.026,7.4,624,232,512,39.6,62,0.098,Train,,,,
15-05-2022,0,35.85414721,0.35292125,25.66037297,27.61987325,36.22088212,-0.0122,7.4,624,232,512,39.6,62,0.1042,Train,,,,
16-05-2022,0,34.72637901,1.744893289,25.77594413,25.92289088,31.95804416,0.0016,7.4,624,232,512,39.6,62,0.1104,Train,,,,
17-05-2022,0,32.82623444,1.702841407,40.08955195,24.95239675,29.65368231,0.0154,7.4,624,232,512,39.6,62,0.1166,Train,,,,
18-05-2022,0,32.94365145,1.491326055,36.99509005,25.24505725,31.68149679,0.0292,7.4,624,232,512,39.6,62,0.1228,Train,,,,
19-05-2022,0,34.45244687,0.562665863,34.07311138,27.43445925,33.42356753,0.043,7.4,624,232,512,39.6,62,0.129,Train,,,,
20-05-2022,0,35.36314481,0.304462704,29.59145718,27.12796313,30.13093863,0.0408,7.4,624,232,512,39.6,62,0.1303,Train,,,,
21-05-2022,0,33.09065463,0.639969811,35.1020333,24.032982,28.97602888,0.0386,7.4,624,232,512,39.6,62,0.1316,Train,,,,
22-05-2022,0,32.42485708,2.644105811,37.92781705,26.85390525,27.63844765,0.0364,7.4,624,232,512,39.6,62,0.1329,Train,,,,
23-05-2022,28.47880769,28.42665316,4.696187672,56.28538053,24.58264875,27.90913791,0.0342,7.4,624,232,512,39.6,62,0.1342,Train,,,,
24-05-2022,0,25.18222389,2.414462667,75.14625127,16.5351905,28.17982816,0.032,7.4,624,232,512,39.6,62,0.1355,Train,,,,
25-05-2022,0,27.75220388,0.809163888,64.41284732,23.70766725,28.45051842,0.0298,7.4,624,232,512,39.6,62,0.1368,Train,,,,
26-05-2022,0,29.74214897,0.60608018,52.95838657,27.27512625,29.71925839,0.0276,7.4,624,232,512,39.6,62,0.1381,Train,,,,
27-05-2022,2.75353682,32.2993103,0.561846099,48.32988709,25.54217,26.78692428,0.0254,7.4,624,232,512,39.6,62,0.1394,Train,,,,
28-05-2022,4.262774348,33.85854747,0.563594461,47.25711982,26.054925,28.22236534,0.0232,7.4,624,232,512,39.6,62,0.1407,Train,,,,
29-05-2022,0,33.12436002,0.888991312,48.91582253,25.8769545,30.74386417,0.021,7.4,624,232,512,39.6,62,0.142,Train,,,,
30-05-2022,4.383702079,33.35565465,1.972777208,44.59393141,25.56345338,32.71802498,0.0062,7.4,624,232,512,39.6,62,0.135,Train,,,,
31-05-2022,0,33.15073929,1.349561481,40.91993575,25.918188,20.86168975,-0.0086,7.4,624,232,512,39.6,62,0.128,Train,,,,
1/6/2022,0,34.0292539,2.223409938,30.78125756,26.26236288,33.66667447,-0.0234,7.2,608,240,524,38.4,64,0.121,Train,,,,
2/6/2022,0,33.9465786,1.385571633,28.54732916,25.1859895,32.67003123,-0.0382,7.2,608,240,524,38.4,64,0.114,Train,,,,
3/6/2022,0,34.15946287,1.285980189,26.92811459,27.856736,35.94106948,-0.053,7.2,608,240,524,38.4,64,0.107,Train,,,,
4/6/2022,0,35.02127228,0.924356035,24.96561179,27.018405,37.52108509,-0.0396,7.2,608,240,524,38.4,64,0.1002,Train,,,,
5/6/2022,0,35.17483164,1.800599005,21.67475508,25.713094,36.21291959,-0.0262,7.2,608,240,524,38.4,64,0.0934,Train,,,,
6/6/2022,0,35.32816404,1.383891929,21.50044167,27.93640725,37.80950039,-0.0128,7.2,608,240,524,38.4,64,0.0866,Train,,,,
7/6/2022,0,36.21655617,3.107781955,22.78680422,25.320033,28.08426866,0.0006,7.2,608,240,524,38.4,64,0.0798,Train,,,,
8/6/2022,0,36.28728828,3.95589598,20.81994852,27.29648925,32.62916515,0.014,7.2,608,240,524,38.4,64,0.073,Train,,,,
9/6/2022,0,36.13148079,2.443018598,23.38136272,23.42878575,30.08534296,0.015,7.2,608,240,524,38.4,64,0.07353,Train,,,,
10/6/2022,0,36.83209763,3.984541675,22.21706965,26.24382675,32.57289544,0.016,7.2,608,240,524,38.4,64,0.07407,Train,,,,
11/6/2022,0,36.71659877,4.462950925,20.2905413,26.88234375,34.29098361,0.017,7.2,608,240,524,38.4,64,0.0746,Train,,,,
12/6/2022,0,36.27398898,3.279943424,25.26824958,26.29455275,33.90831382,0.018,7.2,608,240,524,38.4,64,0.07513,Train,,,,
13-06-2022,0,37.05733515,4.656450081,26.40363207,22.97537225,34.33438199,0.019,7.2,608,240,524,38.4,64,0.07567,Train,,,,
14-06-2022,0,34.78413035,5.188138466,37.25789602,21.4751545,34.76045017,0.02,7.2,608,240,524,38.4,64,0.0762,Train,,,,
15-06-2022,0,36.11033783,4.088956448,34.10172643,24.34939675,35.18651835,0.021,7.2,608,240,524,38.4,64,0.07673,Train,,,,
16-06-2022,1.325393719,34.7274039,1.881540276,44.58837872,25.50611525,28.90642599,0.022,7.2,608,240,524,38.4,64,0.07727,Train,,,,
17-06-2022,0.765500994,30.96639468,0.725501115,59.41416009,18.29422775,28.74862816,0.023,7.2,608,240,524,38.4,64,0.0778,Train,,,,
18-06-2022,21.40975165,28.90930392,0.881951166,69.92844192,16.005853,28.55594928,0.024,7.2,608,240,524,38.4,64,0.07833,Train,,,,
19-06-2022,3.078473722,28.03017451,1.072212271,71.45019375,13.946179,28.3632704,0.025,7.2,608,240,524,38.4,64,0.07887,Train,,,,
20-06-2022,2.848541021,29.58560651,0.826555253,63.02484642,24.11158825,28.17059151,0.026,7.2,608,240,524,38.4,64,0.0794,Train,,,,
21-06-2022,0,30.1224781,1.600612686,60.51254903,23.67645525,27.97791263,0.027,7.2,608,240,524,38.4,64,0.07993,Train,,,,
22-06-2022,0,30.77195829,0.988682121,60.38111492,23.62933,27.78523375,0.028,7.2,608,240,524,38.4,64,0.08047,Train,,,,
23-06-2022,0,31.62540143,3.228341588,45.57035727,26.8090975,30.75096799,0.029,7.2,608,240,524,38.4,64,0.081,Train,,,,
24-06-2022,0,31.3184639,2.272869817,39.77548652,27.810549,34.8345121,0.0216,7.2,608,240,524,38.4,64,0.08127,Train,,,,
25-06-2022,0,32.84245834,1.565903955,37.8811915,27.5189085,34.04408275,0.0142,7.2,608,240,524,38.4,64,0.08153,Train,,,,
26-06-2022,0,33.25684064,3.505023382,54.19411378,21.30545925,30.59677596,0.0068,7.2,608,240,524,38.4,64,0.0818,Train,,,,
27-06-2022,0,34.27979431,2.773649803,51.5633747,23.830116,31.58646847,-0.0006,7.2,608,240,524,38.4,64,0.08207,Train,,,,
28-06-2022,0,35.3845548,1.037312416,48.77046176,22.25955725,31.3536695,-0.008,7.2,608,240,524,38.4,64,0.08233,Train,,,,
29-06-2022,0,33.06899923,2.451395009,61.59038856,21.966474,31.12087053,-0.0154,7.2,608,240,524,38.4,64,0.0826,Train,,,,
30-06-2022,17.99965378,26.3827479,2.581667533,94.50233755,3.53244275,30.88807156,-0.0228,7.2,608,240,524,38.4,64,0.08287,Train,,,,
1/7/2022,0,27.89445585,0.81717141,81.69347221,14.100181,30.65527259,-0.0302,7.3,600,230,536,44.4,68,0.08313,Train,,,,
2/7/2022,13.07829171,28.927034,1.837448329,80.24950349,18.43117525,30.42247363,-0.0376,7.3,600,230,536,44.4,68,0.0834,Train,,,,
3/7/2022,13.07829171,29.35883738,2.052242418,81.4359063,17.9126825,30.18967466,-0.045,7.3,600,230,536,44.4,68,0.08367,Train,,,,
4/7/2022,0,30.46982091,1.747003948,76.05542862,17.907575,30.22825305,-0.0524,7.3,600,230,536,44.4,68,0.08393,Train,,,,
5/7/2022,5.739414692,31.58202578,2.60650151,71.7273628,18.50549925,30.26683144,-0.0598,7.3,600,230,536,44.4,68,0.0842,Train,,,,
6/7/2022,0,31.95973803,2.968997387,69.71241823,21.2865285,30.30540984,-0.0672,7.3,600,230,536,44.4,68,0.08447,Train,,,,
7/7/2022,0,31.30343335,2.97186744,68.72986271,21.849804,29.9247619,-0.0746,7.3,600,230,536,44.4,68,0.08473,Train,,,,
8/7/2022,0,32.0772377,2.290176181,66.72142548,23.623015,29.54411397,-0.082,7.3,600,230,536,44.4,68,0.085,Train,,,,
9/7/2022,17.15131493,29.60252978,3.076928774,78.14341158,15.35089925,29.29954261,-0.08058,7.3,600,230,536,44.4,68,0.08412,Train,,,,
10/7/2022,4.512167672,28.58653285,1.706404504,80.82165616,15.58118663,29.05497124,-0.07916,7.3,600,230,536,44.4,68,0.08324,Train,,,,
11/7/2022,0,31.21111069,0.556153858,71.94364731,23.19961038,28.81039988,-0.07774,7.3,600,230,536,44.4,68,0.08236,Train,,,,
12/7/2022,6.262772381,30.14428355,1.649915064,76.79902233,19.04442188,28.56582851,-0.07632,7.3,600,230,536,44.4,68,0.08148,Train,,,,
13-07-2022,0,30.45932859,1.884243166,76.89713907,20.81927275,28.32125714,-0.0749,7.3,600,230,536,44.4,68,0.0806,Train,,,,
14-07-2022,12.52554476,31.57278404,3.158158612,67.69614358,22.69725313,30.29812662,-0.07348,7.3,600,230,536,44.4,68,0.07972,Train,,,,
15-07-2022,0,31.67587624,3.681073649,65.32291279,23.323882,32.2749961,-0.07206,7.3,600,230,536,44.4,68,0.07884,Train,,,,
16-07-2022,12.15202651,29.52103958,2.421234274,79.13966045,18.3402985,30.59628415,-0.07064,7.3,600,230,536,44.4,68,0.07796,Train,,,,
17-07-2022,5.7971011,30.0342111,1.850739337,80.14251995,18.643404,28.91757221,-0.06922,7.3,600,230,536,44.4,68,0.07708,Train,,,,
18-07-2022,0,31.43436966,1.816228929,72.61986995,21.61929125,30.20232631,-0.0678,7.3,600,230,536,44.4,68,0.0762,Train,,,,
19-07-2022,10.63302227,30.29823901,0.780150367,79.69429311,18.80390213,31.48708041,-0.06638,7.3,600,230,536,44.4,68,0.07532,Train,,,,
20-07-2022,15.94953396,28.2259009,1.121251933,86.89967976,11.1910915,31.18297758,-0.06496,7.3,600,230,536,44.4,68,0.07444,Train,,,,
21-07-2022,0,27.837758,0.112919749,85.94930066,11.38791075,30.87887476,-0.06354,7.3,600,230,536,44.4,68,0.07356,Train,,,,
22-07-2022,0,28.39208692,1.676902614,83.34557463,17.11563188,30.57477194,-0.06212,7.3,600,230,536,44.4,68,0.07268,Train,,,,
23-07-2022,0,28.22130674,3.408495698,82.28028295,10.97661925,30.27066912,-0.0607,7.3,600,230,536,44.4,68,0.0718,Train,,,,
24-07-2022,28.21418671,29.13798866,3.957527953,76.75240525,17.6623255,29.9665663,-0.05928,7.3,600,230,536,44.4,68,0.07092,Train,,,,
25-07-2022,0,28.70680644,3.942380908,75.2713597,18.404781,29.66246348,-0.05786,7.3,600,230,536,44.4,68,0.07004,Train,,,,
26-07-2022,0,28.28748283,3.585682358,78.15208699,16.21281063,29.35836066,-0.05644,7.3,600,230,536,44.4,68,0.06916,Train,,,,
27-07-2022,0,28.03025716,2.588031325,84.09934181,17.60005038,29.05425783,-0.05502,7.3,600,230,536,44.4,68,0.06828,Train,,,,
28-07-2022,28.42231941,27.74822006,0.863652918,86.10727954,12.55746838,28.75015501,-0.0536,7.3,600,230,536,44.4,68,0.0674,Train,,,,
29-07-2022,35.6426125,26.89063797,1.460214343,89.73871219,9.72949525,28.44605219,-0.05218,7.3,600,230,536,44.4,68,0.06652,Train,,,,
30-07-2022,15.50274716,26.90471675,0.732877462,89.56447844,8.820249,28.14194937,-0.05076,7.3,600,230,536,44.4,68,0.06564,Train,,,,
31-07-2022,0,28.08801231,1.826455357,80.80666113,16.65880213,27.83784655,-0.04934,7.3,600,230,536,44.4,68,0.06476,Train,,,,
1/8/2022,0,28.23724518,2.279642225,81.56971343,17.29226713,27.53374373,-0.04792,7.5,644,248,540,36,62.6,0.06388,Train,,,,
2/8/2022,0,29.22310855,1.701483235,78.63122716,19.58595588,27.22964091,-0.0465,7.5,644,248,540,36,62.6,0.063,Train,,,,
3/8/2022,13.91805249,28.60496991,0.73622089,84.2828502,14.64841725,27.22874564,-0.04508,7.5,644,248,540,36,62.6,0.06212,Train,,,,
4/8/2022,21.16259444,27.41928825,1.94896749,87.15261517,11.08110975,27.22785038,-0.04366,7.5,644,248,540,36,62.6,0.06124,Train,,,,
5/8/2022,0,27.24439265,1.87480294,87.68787311,9.64826825,27.22695511,-0.04224,7.5,644,248,540,36,62.6,0.06036,Train,,,,
6/8/2022,6.782162944,28.8918663,0.714087975,80.80046801,18.894638,27.22605985,-0.04082,7.5,644,248,540,36,62.6,0.05948,Train,,,,
7/8/2022,20.34648844,26.39425875,1.702412871,92.87565595,6.119080375,27.22516458,-0.0394,7.5,644,248,540,36,62.6,0.0586,Train,,,,
8/8/2022,0,29.48849322,1.231433142,81.06901625,20.97002225,27.22426932,-0.03798,7.5,644,248,540,36,62.6,0.05772,Train,,,,
9/8/2022,6.782162944,30.3821153,1.870745541,77.24908487,21.2959755,27.22337405,-0.03656,7.5,644,248,540,36,62.6,0.05684,Train,,,,
10/8/2022,0,30.51796811,2.971359512,71.58393168,22.336627,27.22247879,-0.03514,7.5,644,248,540,36,62.6,0.05596,Train,,,,
11/8/2022,0,27.72868818,3.246754377,78.94600683,9.44234575,27.22158352,-0.03372,7.5,644,248,540,36,62.6,0.05508,Train,,,,
12/8/2022,0,29.19298833,3.636844068,73.86739957,21.32170388,27.22068826,-0.0323,7.5,644,248,540,36,62.6,0.0542,Train,,,,
13-08-2022,0,29.14963748,2.415607923,78.5502223,19.10741463,27.54485757,-0.03088,7.5,644,248,540,36,62.6,0.05332,Train,,,,
14-08-2022,25.5492117,28.06048164,0.626909369,84.27971687,15.21518175,27.86902688,-0.02946,7.5,644,248,540,36,62.6,0.05244,Train,,,,
15-08-2022,0,27.02891502,2.547922367,80.7398859,8.7637525,28.19319619,-0.02804,7.5,644,248,540,36,62.6,0.05156,Train,,,,
16-08-2022,0,27.27029953,5.579941811,77.50554139,5.523489375,28.5173655,-0.02662,7.5,644,248,540,36,62.6,0.05068,Train,,,,
17-08-2022,0,28.04835981,3.233283931,77.09777532,18.13028963,28.84153481,-0.0252,7.5,644,248,540,36,62.6,0.0498,Train,,,,
18-08-2022,0,28.89712995,2.443132305,74.21150136,19.10635225,29.16570413,-0.02378,7.5,644,248,540,36,62.6,0.04892,Train,,,,
19-08-2022,0.922282537,29.03920581,3.35129837,73.4935063,19.8062015,24.37910226,-0.02236,7.5,644,248,540,36,62.6,0.04804,Train,,,,
20-08-2022,0,27.89373042,1.407092191,82.13368951,13.97406825,25.46569867,-0.02094,7.5,644,248,540,36,62.6,0.04716,Train,,,,
21-08-2022,14.39347968,29.24641762,1.886013392,77.3360685,17.49915113,26.55229508,-0.01952,7.5,644,248,540,36,62.6,0.04628,Train,,,,
22-08-2022,0,29.30376269,2.531760978,75.13035892,14.78690525,27.63889149,-0.0181,7.5,644,248,540,36,62.6,0.0454,Train,,,,
23-08-2022,0,29.02720985,5.167460883,69.70238083,18.54882488,28.7254879,-0.01668,7.5,644,248,540,36,62.6,0.04452,Train,,,,
24-08-2022,0,27.68177694,2.416936347,78.31402693,16.63346475,29.81208431,-0.01526,7.5,644,248,540,36,62.6,0.04364,Train,,,,
25-08-2022,0,28.52018827,1.322344108,74.37643742,18.12464925,30.89868072,-0.01384,7.5,644,248,540,36,62.6,0.04276,Train,,,,
26-08-2022,0,29.18338865,2.873986011,71.35823224,17.96843175,31.28846995,-0.01242,7.5,644,248,540,36,62.6,0.04188,Train,,,,
27-08-2022,0,29.81477318,3.523943939,65.95849324,21.51166775,31.67825917,-0.011,7.5,644,248,540,36,62.6,0.041,Train,,,,
28-08-2022,6.358941744,29.40108643,2.653100764,64.06635536,19.55703838,28.90797034,-0.0237,7.5,644,248,540,36,62.6,0.0515,Train,,,,
29-08-2022,6.555880646,29.29990476,0.660723381,71.62750439,19.93833388,28.68898517,-0.0364,7.5,644,248,540,36,62.6,0.062,Train,,,,
30-08-2022,6.555880646,30.16064987,0.595477677,72.79062935,20.36864538,28.47,-0.0491,7.5,644,248,540,36,62.6,0.0725,Train,,,,
31-08-2022,0,30.64044787,1.618552151,69.99492835,20.53686613,30.6875,-0.0618,7.5,644,248,540,36,62.6,0.083,Train,,,,
1/9/2022,27.71083117,30.94706434,1.028159219,67.51980669,19.621181,32.905,-0.0745,7.6,384,124,438,9.6,26.3,0.0935,Train,,,,
2/9/2022,8.976935883,30.66143697,1.127178233,65.30461798,19.945518,32.43105972,-0.0872,7.6,384,124,438,9.6,26.3,0.104,Train,,,,
3/9/2022,0,30.37581406,2.17354709,61.27167479,20.45199538,31.95711944,-0.0999,7.6,384,124,438,9.6,26.3,0.1145,Train,,,,
4/9/2022,0,30.93595339,2.83906899,55.40747712,22.56940525,30.02945355,-0.1126,7.6,384,124,438,9.6,26.3,0.125,Train,,,,
5/9/2022,0,30.27955907,1.678028319,60.69050926,21.4439475,31.60091335,-0.1253,7.6,384,124,438,9.6,26.3,0.1355,Train,,,,
6/9/2022,0,30.47821007,1.281342423,62.32034716,20.959998,30.14050742,-0.138,7.6,384,124,438,9.6,26.3,0.146,Train,,,,
7/9/2022,0,30.34391937,1.317808951,61.02783274,20.25303038,32.89516784,-0.13124,7.6,384,124,438,9.6,26.3,0.14208,Train,,,,
8/9/2022,0,30.93024216,1.320570514,59.49700907,19.704021,32.48620609,-0.12448,7.6,384,124,438,9.6,26.3,0.13816,Train,,,,
9/9/2022,0,30.98747088,2.100295874,62.17725597,18.8824935,30.75376094,-0.11772,7.6,384,124,438,9.6,26.3,0.13424,Train,,,,
10/9/2022,0,30.07697957,2.218711623,68.61978269,16.91300675,29.02131579,-0.11096,7.6,384,124,438,9.6,26.3,0.13032,Train,,,,
11/9/2022,0,30.66191762,2.577954696,62.73376993,19.12192325,29.86062557,-0.1042,7.6,384,124,438,9.6,26.3,0.1264,Train,,,,
12/9/2022,0,30.131147,2.582757715,64.02073837,17.38398938,30.69993534,-0.09744,7.6,384,124,438,9.6,26.3,0.12248,Train,,,,
13-09-2022,0,29.6012989,4.090349427,62.78901228,15.45515912,28.38329023,-0.09068,7.6,384,124,438,9.6,26.3,0.11856,Train,,,,
14-09-2022,0,27.04020144,4.088710957,78.49584922,9.363755375,26.06664511,-0.08392,7.6,384,124,438,9.6,26.3,0.11464,Train,,,,
15-09-2022,0,25.15491447,2.81675546,91.36989291,5.34011675,23.75,-0.07716,7.6,384,124,438,9.6,26.3,0.11072,Train,,,,
16-09-2022,0,24.8474556,1.247453773,88.38170662,4.73718675,23.96870934,-0.0704,7.6,384,124,438,9.6,26.3,0.1068,Train,,,,
17-09-2022,0,27.75769323,0.097343684,77.73094036,17.185376,24.18741868,-0.06364,7.6,384,124,438,9.6,26.3,0.10288,Train,,,,
18-09-2022,0,28.18745956,0.535281241,76.2743551,19.38458363,24.40612802,-0.05688,7.6,384,124,438,9.6,26.3,0.09896,Train,,,,
19-09-2022,0,27.99411545,0.904079594,77.27735303,14.24956213,24.62483737,-0.05012,7.6,384,124,438,9.6,26.3,0.09504,Train,,,,
20-09-2022,0,27.43175659,0.999518422,85.13173374,15.05943787,24.84354671,-0.04336,7.6,384,124,438,9.6,26.3,0.09112,Train,,,,
21-09-2022,13.34569206,26.32358004,1.321889033,88.62263688,9.489014,25.06225605,-0.0366,7.6,384,124,438,9.6,26.3,0.0872,Train,,,,
22-09-2022,46.97826211,25.47394969,2.601674532,90.99766068,7.890197625,25.28096539,-0.02984,7.6,384,124,438,9.6,26.3,0.08328,Train,,,,
23-09-2022,24.31325189,25.05936267,3.607616427,93.65603474,5.97616225,25.49967473,-0.02308,7.6,384,124,438,9.6,26.3,0.07936,Train,,,,
24-09-2022,69.64327041,24.57966957,3.35543335,94.42821993,3.6380075,25.71838407,-0.01632,7.6,384,124,438,9.6,26.3,0.07544,Train,,,,
25-09-2022,0,26.20217985,0.950283022,82.21053488,16.82450981,25.93709342,-0.00956,7.6,384,124,438,9.6,26.3,0.07152,Train,,,,
26-09-2022,12.07924722,26.31497536,2.042776893,82.78854672,18.34220663,26.15580276,-0.0028,7.6,384,124,438,9.6,26.3,0.0676,Train,,,,
27-09-2022,0.287466385,26.58324013,1.895159209,79.3382987,19.70502125,26.3745121,0.00396,7.6,384,124,438,9.6,26.3,0.06368,Train,,,,
28-09-2022,0.867335613,26.90277507,1.444076721,76.94507355,19.084588,29.64161593,0.01072,7.6,384,124,438,9.6,26.3,0.05976,Train,,,,
29-09-2022,0.632497083,27.07472318,1.753218489,79.47352798,19.081773,29.1931694,0.01748,7.6,384,124,438,9.6,26.3,0.05584,Train,,,,
30-09-2022,0,27.44595172,1.885923849,75.91486711,19.73026894,29.51654176,0.02424,7.6,384,124,438,9.6,26.3,0.05192,Train,,,,
1/10/2022,0,27.4824145,1.518337482,72.88966681,19.43430469,30.27855582,0.031,7.23,652,280,548,37.2,62.7,0.048,Train,,,,
2/10/2022,0,27.40425707,2.519277877,67.55315082,19.63714069,30.11371585,0.02747,7.23,652,280,548,37.2,62.7,0.04827,Train,,,,
3/10/2022,0,27.21302948,3.123735506,64.80543104,20.25290706,30.05370023,0.02393,7.23,652,280,548,37.2,62.7,0.04853,Train,,,,
4/10/2022,0,27.72241491,0.995370543,74.21911708,17.57203869,29.81322404,0.0204,7.23,652,280,548,37.2,62.7,0.0488,Train,,,,
5/10/2022,0,27.33593012,1.509726973,78.29649688,16.58779069,29.57274785,0.01687,7.23,652,280,548,37.2,62.7,0.04907,Train,,,,
6/10/2022,0,25.68663686,2.791640287,74.4610219,14.95143838,29.30392662,0.01333,7.23,652,280,548,37.2,62.7,0.04933,Train,,,,
7/10/2022,0,23.30615641,2.878248427,89.215343,4.436274676,29.03510539,0.0098,7.23,652,280,548,37.2,62.7,0.0496,Train,,,,
8/10/2022,43.06541348,21.71269569,2.798433034,95.06850493,1.538307551,28.76628415,0.00627,7.23,652,280,548,37.2,62.7,0.04987,Train,,,,
9/10/2022,12.16599584,21.71718114,2.174580845,94.93506822,2.447878016,28.49746292,0.00273,7.23,652,280,548,37.2,62.7,0.05013,Train,,,,
10/10/2022,0,23.84322446,1.622408916,87.69303049,10.14311662,28.22864169,-0.0008,7.23,652,280,548,37.2,62.7,0.0504,Train,,,,
11/10/2022,0,23.84322446,1.622408916,87.69303049,0,28.22864169,-0.00433,7.23,652,280,548,37.2,62.7,0.05067,Train,,,,
12/10/2022,0,23.84322446,1.622408916,87.69303049,0,28.22864169,-0.00787,7.23,652,280,548,37.2,62.7,0.05093,Train,,,,
13-10-2022,0,23.84322446,1.622408916,87.69303049,0,28.22864169,-0.0114,7.23,652,280,548,37.2,62.7,0.0512,Train,,,,
14-10-2022,0,23.84322446,1.622408916,87.69303049,0,28.22864169,-0.01493,7.23,652,280,548,37.2,62.7,0.05147,Train,,,,
15-10-2022,0,23.84322446,1.622408916,87.69303049,0,28.22864169,-0.01847,7.23,652,280,548,37.2,62.7,0.05173,Train,,,,
16-10-2022,0,23.84322446,1.622408916,87.69303049,0,28.22864169,-0.022,7.23,652,280,548,37.2,62.7,0.052,Train,,,,
17-10-2022,0,23.84322446,1.622408916,87.69303049,0,28.22864169,-0.0174,7.23,652,280,548,37.2,62.7,0.0552,Train,,,,
18-10-2022,0,23.84322446,1.622408916,87.69303049,0,28.22864169,-0.0128,7.23,652,280,548,37.2,62.7,0.0584,Train,,,,
19-10-2022,0,23.84322446,1.622408916,87.69303049,0,28.22864169,-0.0082,7.23,652,280,548,37.2,62.7,0.0616,Train,,,,
20-10-2022,0,23.84322446,1.622408916,87.69303049,0,28.22864169,-0.0036,7.23,652,280,548,37.2,62.7,0.0648,Train,,,,
21-10-2022,0,23.84322446,1.622408916,87.69303049,0,28.22864169,0.001,7.23,652,280,548,37.2,62.7,0.068,Train,,,,
22-10-2022,0,23.84322446,1.622408916,87.69303049,0,28.22864169,-0.0042,7.23,652,280,548,37.2,62.7,0.0654,Train,,,,
23-10-2022,0,21.55539665,1.899622531,65.89226163,18.6065375,27.95982045,-0.0094,7.23,652,280,548,37.2,62.7,0.0628,Train,,,,
24-10-2022,0,21.83587418,2.477917301,61.86062786,18.5169435,27.69099922,-0.0146,7.23,652,280,548,37.2,62.7,0.0602,Train,,,,
25-10-2022,0,21.72707647,2.457747423,58.05300941,18.64717,24.89040593,-0.0198,7.23,652,280,548,37.2,62.7,0.0576,Train,,,,
26-10-2022,0,22.66833076,0.243910163,65.82053511,18.07650925,26.70903201,-0.025,7.23,652,280,548,37.2,62.7,0.055,Train,,,,
27-10-2022,0,22.79318835,0.30731864,70.41628789,17.81341775,26.42701795,-0.025,7.23,652,280,548,37.2,62.7,0.0578,Train,,,,
28-10-2022,0,23.23115501,0.773302647,69.56793006,17.52057025,25.95393443,-0.025,7.23,652,280,548,37.2,62.7,0.0606,Train,,,,
29-10-2022,0,22.30776431,0.587367165,66.89359074,17.6474215,26.79718189,-0.025,7.23,652,280,548,37.2,62.7,0.0634,Train,,,,
30-10-2022,0,22.50795581,1.123722329,66.55091122,17.5343585,24.96131928,-0.025,7.23,652,280,548,37.2,62.7,0.0662,Train,,,,
31-10-2022,0,22.40665207,0.10830105,69.87096989,17.2147135,26.45320062,-0.025,7.23,652,280,548,37.2,62.7,0.069,Train,,,,
1/11/2022,0,23.77433802,1.449037604,65.5580743,16.9541235,26.67253708,-0.0202,7.1,668,268,564,36.8,64.5,0.0742,Train,,,,
2/11/2022,0,22.81952693,1.870379775,70.86581042,17.1682505,26.89187354,-0.0154,7.1,668,268,564,36.8,64.5,0.0794,Train,,,,
3/11/2022,0,23.96063576,1.194965481,68.00389352,16.85164625,25.48010148,-0.0106,7.1,668,268,564,36.8,64.5,0.0846,Train,,,,
4/11/2022,0,23.92983589,1.140042932,73.08422815,16.54477475,25.67932865,-0.0058,7.1,668,268,564,36.8,64.5,0.0898,Train,,,,
5/11/2022,0,24.02305565,2.588051497,74.79712475,16.24984325,25.87855582,-0.001,7.1,668,268,564,36.8,64.5,0.095,Train,,,,
6/11/2022,0,23.89698245,1.66400515,74.04042833,14.75640975,18.73,-0.0086,7.1,668,268,564,36.8,64.5,0.089,Train,,,,
7/11/2022,0,23.04434675,0.663247676,69.40582014,16.0945385,27.93811866,-0.0162,7.1,668,268,564,36.8,64.5,0.083,Train,,,,
8/11/2022,0,22.67581329,0.824273154,69.63664879,14.610119,26.89778298,-0.0238,7.1,668,268,564,36.8,64.5,0.077,Train,,,,
9/11/2022,0,22.15926323,0.608168959,71.27108382,14.23916725,25.85744731,-0.0314,7.1,668,268,564,36.8,64.5,0.071,Train,,,,
10/11/2022,0,21.23268026,1.546593974,67.06616476,14.792518,25.45866511,-0.039,7.1,668,268,564,36.8,64.5,0.065,Train,,,,
11/11/2022,0,20.29487254,3.028812918,58.33327336,16.33909875,24.74729899,-0.0376,7.1,668,268,564,36.8,64.5,0.0598,Train,,,,
12/11/2022,0,19.76806348,3.193927099,55.03144214,16.40064625,24.3379313,-0.0362,7.1,668,268,564,36.8,64.5,0.0546,Train,,,,
13-11-2022,0,20.2790657,1.799135114,57.87187729,16.09725975,22.36316159,-0.0348,7.1,668,268,564,36.8,64.5,0.0494,Train,,,,
14-11-2022,0,21.36960564,1.475295153,54.51274566,15.6691035,24.73932084,-0.0334,7.1,668,268,564,36.8,64.5,0.0442,Train,,,,
15-11-2022,0,20.60561587,1.490820838,62.14681372,14.7956945,24.11908665,-0.032,7.1,668,268,564,36.8,64.5,0.039,Train,,,,
16-11-2022,0,19.06419398,2.861730815,57.81931761,15.61473275,23.49885246,-0.0222,7.1,668,268,564,36.8,64.5,0.0418,Train,,,,
17-11-2022,0,17.99351082,3.143976685,58.84211907,15.89623475,22.84806401,-0.0124,7.1,668,268,564,36.8,64.5,0.0446,Train,,,,
18-11-2022,0,17.72919871,1.669685028,56.59499358,16.0365305,22.72940671,-0.0026,7.1,668,268,564,36.8,64.5,0.0474,Train,,,,
19-11-2022,0,17.47379773,1.528408183,61.28685145,15.6439865,21.6957299,0.0072,7.1,668,268,564,36.8,64.5,0.0502,Train,,,,
20-11-2022,0,17.84778875,2.518849323,61.4329727,15.542716,23.49395004,0.017,7.1,668,268,564,36.8,64.5,0.053,Train,,,,
21-11-2022,0,18.16434123,3.031901661,54.70461556,15.611232,22.40886027,-0.0044,7.1,668,268,564,36.8,64.5,0.0492,Train,,,,
22-11-2022,0,17.511328,2.760016393,54.13157021,15.5509695,22.65380952,-0.0258,7.1,668,268,564,36.8,64.5,0.0454,Train,,,,
23-11-2022,0,17.37586301,2.950681757,50.25062037,15.7645335,22.12786105,-0.0472,7.1,668,268,564,36.8,64.5,0.0416,Train,,,,
24-11-2022,0,18.11764361,1.839194235,54.02763262,15.60070725,21.9020687,-0.0686,7.1,668,268,564,36.8,64.5,0.0378,Train,,,,
25-11-2022,0,17.64557864,1.582313119,61.01408054,15.3318115,21.79624512,-0.09,7.1,668,268,564,36.8,64.5,0.034,Train,,,,
26-11-2022,0,17.41655312,2.694944737,60.63651725,15.27306425,20.73693208,-0.0776,7.1,668,268,564,36.8,64.5,0.0352,Train,,,,
27-11-2022,0,16.93253606,1.697922142,63.91480257,15.2108055,22.64364559,-0.0652,7.1,668,268,564,36.8,64.5,0.0364,Train,,,,
28-11-2022,0,17.29520378,1.052314169,63.21446728,15.07128625,20.7784153,-0.0528,7.1,668,268,564,36.8,64.5,0.0376,Train,,,,
29-11-2022,0,17.16610489,1.386011118,64.53788684,14.9417475,21.24528493,-0.0404,7.1,668,268,564,36.8,64.5,0.0388,Train,,,,
30-11-2022,0,17.341443,1.968327704,69.55584551,14.6120785,20.02398907,-0.028,7.1,668,268,564,36.8,64.5,0.04,Train,,,,
1/12/2022,0,16.8036794,1.902676896,66.91114241,14.85382125,20.88300546,-0.0246,6.8,672,280,552,36.4,63.9,0.0408,Train,,,,
2/12/2022,0,16.98077736,0.243947676,68.27277513,14.575661,21.2297411,-0.0212,6.8,672,280,552,36.4,63.9,0.0416,Train,,,,
3/12/2022,0,17.40667496,0.88449869,69.1803563,14.422019,19.86608119,-0.0178,6.8,672,280,552,36.4,63.9,0.0424,Train,,,,
4/12/2022,0,16.47251282,2.003557198,69.07359312,14.4873905,20.89900859,-0.0144,6.8,672,280,552,36.4,63.9,0.0432,Train,,,,
5/12/2022,0,16.09948883,2.070270827,67.76208287,14.594875,20.259758,-0.011,6.8,672,280,552,36.4,63.9,0.044,Train,,,,
6/12/2022,0,16.55097478,3.359716126,59.0610046,14.6266615,20.02943794,-0.0106,6.8,672,280,552,36.4,63.9,0.0434,Train,,,,
7/12/2022,0,16.55678329,3.576206265,58.84557944,14.61755725,18.85604452,-0.0102,6.8,672,280,552,36.4,63.9,0.0428,Train,,,,
8/12/2022,0,16.26567675,2.643641956,66.56194838,14.33938475,19.70989071,-0.0098,6.8,672,280,552,36.4,63.9,0.0422,Train,,,,
9/12/2022,0,16.67888667,1.933895008,67.04422902,14.19970625,21.65371585,-0.0094,6.8,672,280,552,36.4,63.9,0.0416,Train,,,,
10/12/2022,2.846462483,17.60611877,2.256385398,63.86517081,14.20334625,20.32687744,-0.009,6.8,672,280,552,36.4,63.9,0.041,Train,,,,
11/12/2022,0,17.84381638,2.744893212,63.27423024,14.3558895,22.15031226,-0.0206,6.8,672,280,552,36.4,63.9,0.0398,Train,,,,
12/12/2022,0,17.52404111,3.157448015,53.15918523,14.51000325,21.15819672,-0.0322,6.8,672,280,552,36.4,63.9,0.0386,Train,,,,
13-12-2022,0,17.37103869,3.875751969,48.99059475,14.53310825,20.59654176,-0.0438,6.8,672,280,552,36.4,63.9,0.0374,Train,,,,
14-12-2022,0,15.58178418,3.438166763,47.34063893,14.6350115,19.76570648,-0.0554,6.8,672,280,552,36.4,63.9,0.0362,Train,,,,
15-12-2022,0,15.04254176,3.107979996,50.79239725,14.53133,18.69538642,-0.067,6.8,672,280,552,36.4,63.9,0.035,Train,,,,
16-12-2022,0,14.42001305,2.24873944,61.84381831,14.461559,19.57758782,-0.06263,6.8,672,280,552,36.4,63.9,0.03517,Train,,,,
17-12-2022,0,14.56340561,1.933555861,63.65473812,14.3637485,18.63396565,-0.05826,6.8,672,280,552,36.4,63.9,0.03534,Train,,,,
18-12-2022,0,14.40171967,1.486141282,72.13873511,14.193973,18.88180328,-0.05389,6.8,672,280,552,36.4,63.9,0.03551,Train,,,,
19-12-2022,0,14.443448,1.807042702,73.18412066,14.27300375,17.90386417,-0.04951,6.8,672,280,552,36.4,63.9,0.03569,Train,,,,
20-12-2022,0,13.9304863,2.196205832,72.13956517,14.00134,16.69220141,-0.04514,6.8,672,280,552,36.4,63.9,0.03586,Train,,,,
21-12-2022,0,12.86645533,2.051374594,74.22118426,14.13328575,15.92572209,-0.04077,6.8,672,280,552,36.4,63.9,0.03603,Train,,,,
22-12-2022,0,12.55887502,2.257774639,70.24398781,14.2905225,15.15924278,-0.0364,6.8,672,280,552,36.4,63.9,0.0362,Train,,,,
23-12-2022,0,13.24875666,1.963452168,67.46533233,13.75364525,15.79521468,-0.03203,6.8,672,280,552,36.4,63.9,0.03637,Train,,,,
24-12-2022,0,12.82829819,3.098360686,59.12083282,13.80206975,15.75602654,-0.02766,6.8,672,280,552,36.4,63.9,0.03654,Train,,,,
25-12-2022,0,11.17415962,2.512039526,73.68889485,14.298333,13.40054178,-0.02329,6.8,672,280,552,36.4,63.9,0.03671,Train,,,,
26-12-2022,0,11.67702065,2.200006153,80.81379193,13.8853095,13.49886964,-0.01891,6.8,672,280,552,36.4,63.9,0.03689,Train,,,,
27-12-2022,0,12.71097717,3.326910127,70.09880169,14.3065565,13.5971975,-0.01454,6.8,672,280,552,36.4,63.9,0.03706,Train,,,,
28-12-2022,0,14.07512945,3.79344958,58.04095501,14.431084,17.41010929,-0.01017,6.8,672,280,552,36.4,63.9,0.03723,Train,,,,
29-12-2022,0,14.89496956,0.940385836,64.48806044,11.16137625,15.71934813,-0.0058,6.8,672,280,552,36.4,63.9,0.0374,Train,,,,
30-12-2022,2.989970138,15.01272354,0.571036171,73.26850776,11.34529025,18.57,-0.00143,6.8,672,280,552,36.4,63.9,0.03757,Train,,,,
31-12-2022,0,13.22853877,2.987321952,77.11948517,14.25560225,17.11455307,0.00294,6.8,672,280,552,36.4,63.9,0.03774,Train,,,,
1/1/2023,0.482293914,13.00961838,0.395298324,74.8963024,14.058122,17.29866511,0.00731,6.8,672,280,552,36.4,63.9,0.03791,Train,,,,
2/1/2023,0,13.05371628,0.574441049,72.02697671,13.35836025,17.20151373,0.01169,6.8,672,280,552,36.4,63.9,0.03809,Train,,,,
3/1/2023,0,11.36560211,1.866542982,76.40481022,13.38662175,17.10436236,0.01606,6.8,672,280,552,36.4,63.9,0.03826,Train,,,,
4/1/2023,0,10.74217122,2.080669199,78.67422405,14.7162405,17.00721099,0.02043,6.8,672,280,552,36.4,63.9,0.03843,Train,,,,
5/1/2023,0,9.098677572,1.709697376,85.15397862,11.1170725,16.91005961,0.0248,6.8,672,280,552,36.4,63.9,0.0386,Train,,,,
6/1/2023,0,7.452615356,1.40268945,86.56722423,10.68889525,16.81290824,0.02917,6.8,672,280,552,36.4,63.9,0.03877,Train,,,,
7/1/2023,0,9.014260228,2.156018595,81.00223716,12.85504425,16.71575687,0.03354,6.8,672,280,552,36.4,63.9,0.03894,Train,,,,
8/1/2023,0,10.91889788,2.080395588,80.17553382,14.67230225,16.61860549,0.03791,6.8,672,280,552,36.4,63.9,0.03911,Train,,,,
9/1/2023,0,11.7061643,1.418108542,79.12841827,12.54086,16.52145412,0.04229,6.8,672,280,552,36.4,63.9,0.03929,Train,,,,
10/1/2023,0,12.45641734,2.451942072,75.49456694,14.74143775,16.42430275,0.04666,6.8,672,280,552,36.4,63.9,0.03946,Train,,,,
11/1/2023,0,13.03764877,1.294650278,80.7376664,11.43507375,16.32715137,0.05103,6.8,672,280,552,36.4,63.9,0.03963,Train,,,,
12/1/2023,6.789473444,15.08324203,2.940723924,77.58643665,10.3513755,16.23,0.0554,6.8,672,280,552,36.4,63.9,0.0398,Train,,,,
13-01-2023,0,14.72973086,0.530344593,85.68036455,10.2453315,16.01362737,0.05977,6.8,672,280,552,36.4,63.9,0.03997,Train,,,,
14-01-2023,0,12.01549174,3.27652842,71.65272,14.4799525,15.79725475,0.06414,6.8,672,280,552,36.4,63.9,0.04014,Train,,,,
15-01-2023,0,10.05499229,2.957315006,59.83969905,15.540832,15.58088212,0.06851,6.8,672,280,552,36.4,63.9,0.04031,Train,,,,
16-01-2023,0,9.661745326,2.449078516,61.11629865,15.9378395,15.32797034,0.07289,6.8,672,280,552,36.4,63.9,0.04049,Train,,,,
17-01-2023,7.083853304,9.683257675,2.528008328,59.48177869,16.0530395,15.35248244,0.07726,6.8,672,280,552,36.4,63.9,0.04066,Train,,,,
18-01-2023,0,10.42615534,2.124097113,62.86441298,15.942467,15.80815769,0.08163,6.8,672,280,552,36.4,63.9,0.04083,Train,,,,
19-01-2023,0,13.42636325,1.381697345,66.46652337,13.9269825,17.63155963,0.086,6.8,672,280,552,36.4,63.9,0.041,Train,,,,
20-01-2023,0,14.03055916,2.106463127,69.16481676,14.5143665,18.72639344,0.07613,6.8,672,280,552,36.4,63.9,0.0412,Train,,,,
21-01-2023,0,13.99668719,1.10684562,71.48052361,15.74077275,18.28990872,0.06627,6.8,672,280,552,36.4,63.9,0.0414,Train,,,,
22-01-2023,0,15.03272591,1.896452745,66.67119122,13.80809375,17.853424,0.0564,6.8,672,280,552,36.4,63.9,0.0416,Train,,,,
23-01-2023,0,16.90957858,0.819868774,60.62966724,15.50959925,20.22434817,0.04653,6.8,672,280,552,36.4,63.9,0.0418,Train,,,,
24-01-2023,4.081949443,16.57451591,3.19935474,82.19079972,8.78423925,19.44711163,0.03667,6.8,672,280,552,36.4,63.9,0.042,Train,,,,
25-01-2023,0,16.59118614,0.712400681,82.58985093,11.1461955,18.6698751,0.0268,6.8,672,280,552,36.4,63.9,0.0422,Train,,,,
26-01-2023,0,14.29297155,3.126267501,77.546374,14.39096875,17.89263856,0.01693,6.8,672,280,552,36.4,63.9,0.0424,Train,,,,
27-01-2023,0,13.0793485,3.432715663,65.58742701,16.8496355,17.11540203,0.00707,6.8,672,280,552,36.4,63.9,0.0426,Train,,,,
28-01-2023,0,13.65525462,1.770823134,66.03353037,17.1104455,19.95533958,-0.0028,6.8,672,280,552,36.4,63.9,0.0428,Train,,,,
29-01-2023,0,13.62445475,1.290781047,83.22079487,7.08119925,19.22918033,-0.01267,6.8,672,280,552,36.4,63.9,0.043,Train,,,,
30-01-2023,7.197872649,13.42682991,1.12762151,82.87402278,8.103542,18.50302108,-0.02253,6.8,672,280,552,36.4,63.9,0.0432,Train,,,,
31-01-2023,0,14.78911552,3.931732955,76.3011708,16.68659388,17.77686183,-0.0324,6.8,672,280,552,36.4,63.9,0.0434,Train,,,,
1/2/2023,0,14.49146868,3.855353414,69.94273896,17.2962085,17.05070258,-0.04227,6.3,672,240,556,18.4,34.1,0.0436,Train,,,,
2/2/2023,0,15.18705139,3.488486757,62.79367722,17.5076625,18.95366901,-0.05213,6.3,672,240,556,18.4,34.1,0.0438,Train,,,,
3/2/2023,0,15.48825099,2.835909092,64.93046129,17.41660963,18.90583138,-0.062,6.3,672,240,556,18.4,34.1,0.044,Train,,,,
4/2/2023,0,16.32177569,3.344270123,61.96783806,17.402169,20.15807182,-0.0624,6.3,672,240,556,18.4,34.1,0.0404,Train,,,,
5/2/2023,0,16.61800092,1.587913345,63.12052395,17.7813545,20.65972678,-0.0628,6.3,672,240,556,18.4,34.1,0.0368,Train,,,,
6/2/2023,0,17.90284055,1.157158708,69.84368584,16.751796,20.83007806,-0.0632,6.3,672,240,556,18.4,34.1,0.0332,Train,,,,
7/2/2023,0,16.96084557,3.041933701,67.95204883,17.58242475,19.3728103,-0.0636,6.3,672,240,556,18.4,34.1,0.0296,Train,,,,
8/2/2023,0,15.75935135,2.83434996,58.95045169,18.05094525,20.38797034,-0.064,6.3,672,240,556,18.4,34.1,0.026,Train,,,,
9/2/2023,0,18.27838923,1.685006773,57.49370235,17.88597488,20.62461358,-0.0634,6.3,672,240,556,18.4,34.1,0.0244,Train,,,,
10/2/2023,0,19.08109818,2.439050893,68.26471176,17.73989125,21.44704918,-0.0628,6.3,672,240,556,18.4,34.1,0.0228,Train,,,,
11/2/2023,0,18.74966393,2.499040497,57.44351315,18.02375075,22.35668228,-0.0622,6.3,672,240,556,18.4,34.1,0.0212,Train,,,,
12/2/2023,0,16.02943064,3.922692341,40.46960233,18.90756175,20.75444965,-0.0616,6.3,672,240,556,18.4,34.1,0.0196,Train,,,,
13-02-2023,0,16.20223579,5.360363202,28.88706377,19.158083,18.98317721,-0.061,6.3,672,240,556,18.4,34.1,0.018,Train,,,,
14-02-2023,0,17.3861716,3.542263623,41.00146017,18.68999875,19.39736924,-0.0586,6.3,672,240,556,18.4,34.1,0.0196,Train,,,,
15-02-2023,0,19.09943288,3.750342576,46.23766629,18.85164288,20.7191491,-0.0562,6.3,672,240,556,18.4,34.1,0.0212,Train,,,,
16-02-2023,0,18.65001259,0.66066489,67.95265652,18.78189838,23.21777518,-0.0538,6.3,672,240,556,18.4,34.1,0.0228,Train,,,,
17-02-2023,0,19.57578875,0.591307414,70.30015069,18.9095775,23.92715847,-0.0514,6.3,672,240,556,18.4,34.1,0.0244,Train,,,,
18-02-2023,0,19.43569781,1.1261733,69.3873791,19.226115,24.63654176,-0.049,6.3,672,240,556,18.4,34.1,0.026,Train,,,,
19-02-2023,0.428446333,20.85645002,0.949871684,64.76253719,19.08142275,23.64976581,-0.0518,6.3,672,240,556,18.4,34.1,0.0264,Train,,,,
20-02-2023,3.514806936,22.9126386,2.094859119,54.63898066,19.02193088,18.47273684,-0.0546,6.3,672,240,556,18.4,34.1,0.0268,Train,,,,
21-02-2023,0,22.07982852,0.995285311,57.49876832,19.6517605,20.76938376,-0.0574,6.3,672,240,556,18.4,34.1,0.0272,Train,,,,
22-02-2023,0,21.07179031,2.331711941,54.61483754,18.6543265,23.06603068,-0.0602,6.3,672,240,556,18.4,34.1,0.0276,Train,,,,
23-02-2023,0,20.24236069,3.162981067,44.11292201,20.37821675,25.3626776,-0.063,6.3,672,240,556,18.4,34.1,0.028,Train,,,,
24-02-2023,0,19.97199402,2.437786758,48.35980475,19.232479,25.43857923,-0.0605,6.3,672,240,556,18.4,34.1,0.0302,Train,,,,
25-02-2023,0,20.90201403,0.922550596,54.23679465,20.30753625,25.51448087,-0.058,6.3,672,240,556,18.4,34.1,0.0324,Train,,,,
26-02-2023,0,22.35252406,0.953204456,51.36300109,18.938533,23.61004684,-0.0555,6.3,672,240,556,18.4,34.1,0.0346,Train,,,,
27-02-2023,0,22.16499227,1.851685145,51.64145225,18.57219788,25.73978923,-0.053,6.3,672,240,556,18.4,34.1,0.0368,Train,,,,
28-02-2023,4.200965563,21.84259504,1.501020718,49.82639559,18.92364375,25.59135831,-0.0505,6.3,672,240,556,18.4,34.1,0.039,Train,,,,
1/3/2023,0,22.2451931,1.687300889,51.12072344,20.31734338,25.54957065,-0.048,6.3,672,240,556,18.4,34.1,0.0412,Train,,,,
2/3/2023,0,22.81953201,2.340791538,51.08245573,20.6045785,25.50778298,-0.0455,6.3,672,240,556,18.4,34.1,0.0434,Train,,,,
3/3/2023,0,23.2556975,2.998300854,50.05522789,19.97432038,26.29465262,-0.043,6.3,672,240,556,18.4,34.1,0.0456,Train,,,,
4/3/2023,0,22.33185794,2.867839137,54.75799634,18.79728348,26.6642649,-0.0405,6.3,672,240,556,18.4,34.1,0.0478,Train,,,,
5/3/2023,0,22.38891246,2.97447303,51.35247556,20.8001689,27.03387718,-0.038,6.3,672,240,556,18.4,34.1,0.05,Train,,,,
6/3/2023,0,21.59060249,2.551013886,50.60038339,21.34294669,27.40348946,-0.0428,6.3,672,240,556,18.4,34.1,0.0542,Train,,,,
7/3/2023,0,22.20718346,1.221797154,48.5751704,21.0502865,27.35555816,-0.0476,6.3,672,240,556,18.4,34.1,0.0584,Train,,,,
8/3/2023,1.618886689,22.06531868,1.125448183,52.28132196,20.27780869,26.64352069,-0.0524,6.3,672,240,556,18.4,34.1,0.0626,Train,,,,
9/3/2023,0,21.65297597,1.428902309,53.86584232,20.71722794,24.33188962,-0.0572,6.3,672,240,556,18.4,34.1,0.0668,Train,,,,
10/3/2023,0,22.42700729,2.282645392,51.96850821,21.80060331,26.2128103,-0.062,6.3,672,240,556,18.4,34.1,0.071,Train,,,,
11/3/2023,0,23.73970057,1.244499925,50.89566153,21.87338863,27.94313037,-0.0586,6.3,672,240,556,18.4,34.1,0.0764,Train,,,,
12/3/2023,0,24.85733757,1.103015012,49.67398696,21.93396375,27.93237315,-0.0552,6.3,672,240,556,18.4,34.1,0.0818,Train,,,,
13-03-2023,0,23.94699122,1.362125028,54.6857512,17.84667881,28.25615144,-0.0518,6.3,672,240,556,18.4,34.1,0.0872,Train,,,,
14-03-2023,0,24.52201169,1.983827528,48.2920464,21.794048,29.15034348,-0.0484,6.3,672,240,556,18.4,34.1,0.0926,Train,,,,
15-03-2023,0,24.73594627,1.14812245,45.00895923,21.53671106,28.91562061,-0.045,6.3,672,240,556,18.4,34.1,0.098,Train,,,,
16-03-2023,0,24.19852791,1.749353576,48.07258662,17.88826012,27.64801717,-0.0334,6.3,672,240,556,18.4,34.1,0.0979,Train,,,,
17-03-2023,0,22.62607663,1.62568984,61.83693832,16.81899269,26.38041374,-0.0218,6.3,672,240,556,18.4,34.1,0.0978,Train,,,,
18-03-2023,7.380259176,20.99721553,1.751057176,74.98003697,17.81749463,25.1128103,-0.0102,6.3,672,240,556,18.4,34.1,0.0977,Train,,,,
19-03-2023,14.76051835,20.81739324,0.490101438,79.82686523,20.50317688,23.84520687,0.0014,6.3,672,240,556,18.4,34.1,0.0976,Train,,,,
20-03-2023,7.380259176,18.58423322,1.460806373,87.64683888,9.838511688,22.57760343,0.013,6.3,672,240,556,18.4,34.1,0.0975,Train,,,,
21-03-2023,0,18.36632055,1.377852444,80.62371094,13.179521,21.31,0.0246,6.3,672,240,556,18.4,34.1,0.0974,Train,,,,
22-03-2023,0,20.10886599,1.202756204,71.3162911,21.07631588,24.17849336,0.0362,6.3,672,240,556,18.4,34.1,0.0973,Train,,,,
23-03-2023,0,22.26881688,1.750726452,58.54447226,23.25986925,27.04698673,0.0478,6.3,672,240,556,18.4,34.1,0.0972,Train,,,,
24-03-2023,0,22.17247225,2.170066841,68.005794,18.9362435,26.02599532,0.0594,6.3,672,240,556,18.4,34.1,0.0971,Train,,,,
25-03-2023,0,21.35246048,1.585353329,73.35608922,20.32468563,25.0050039,0.071,6.3,672,240,556,18.4,34.1,0.097,Train,,,,
26-03-2023,0,21.69349823,2.371005965,57.34613435,21.41689425,24.81655738,0.0494,6.3,672,240,556,18.4,34.1,0.1038,Train,,,,
27-03-2023,0,21.16553586,2.672249606,60.14851353,23.48596175,27.06420765,0.0278,6.3,672,240,556,18.4,34.1,0.1106,Train,,,,
28-03-2023,0,22.21289215,1.742349485,58.37353742,22.76531425,28.15765027,0.0062,6.3,672,240,556,18.4,34.1,0.1174,Train,,,,
29-03-2023,0,23.62880478,0.806580669,56.67188218,22.88340963,27.60300546,-0.0154,6.3,672,240,556,18.4,34.1,0.1242,Train,,,,
30-03-2023,9.087394218,23.63845596,0.388893728,60.2265384,22.4762385,27.04836066,-0.037,6.3,672,240,556,18.4,34.1,0.131,Train,,,,
31-03-2023,0,20.18871396,1.415893303,80.66248594,19.87872763,23.30064793,-0.048,6.3,672,240,556,18.4,34.1,0.1338,Train,,,,
1/4/2023,0,20.87712822,0.53413601,76.24884189,19.88736275,25.50317721,-0.059,6.4,704,250,524,18,35.4,0.1366,Train,,,,
2/4/2023,0,21.96917114,1.661203393,67.27131145,23.14401288,25.95583138,-0.07,6.4,704,250,524,18,35.4,0.1394,Train,,,,
3/4/2023,0,23.6393308,0.796011508,59.66615897,23.55617913,26.40848556,-0.081,6.4,704,250,524,18,35.4,0.1422,Train,,,,
4/4/2023,0,22.82437477,2.338283736,60.03955144,24.19246138,26.93448087,-0.092,6.4,704,250,524,18,35.4,0.145,Train,,,,
5/4/2023,0,23.13410784,2.571727827,47.33382867,25.61437675,27.10096019,-0.0932,6.4,704,250,524,18,35.4,0.139,Train,,,,
6/4/2023,0,23.85403531,2.948332938,43.85347202,24.52677963,27.46925059,-0.0944,6.4,704,250,524,18,35.4,0.133,Train,,,,
7/4/2023,0,23.65275408,3.193731805,38.47529639,26.63332313,29.22456674,-0.0956,6.4,704,250,524,18,35.4,0.127,Train,,,,
8/4/2023,0,23.93790207,2.555607952,38.2274812,26.63354913,32.17683841,-0.0968,6.4,704,250,524,18,35.4,0.121,Train,,,,
9/4/2023,0,24.83318736,2.226636422,35.08700326,26.41250088,31.79076503,-0.098,6.4,704,250,524,18,35.4,0.115,Train,,,,
10/4/2023,0,25.67766596,2.736443764,32.49742548,26.18044463,31.74205308,-0.0928,6.4,704,250,524,18,35.4,0.1156,Train,,,,
11/4/2023,0,27.57600937,3.507030748,27.8015009,25.40081888,32.06903201,-0.0876,6.4,704,250,524,18,35.4,0.1162,Train,,,,
12/4/2023,0,28.72030093,2.88618106,28.89393937,24.96273088,32.66837627,-0.0824,6.4,704,250,524,18,35.4,0.1168,Train,,,,
13-04-2023,0,28.73995107,2.831071199,27.66934022,26.371754,33.26772053,-0.0772,6.4,704,250,524,18,35.4,0.1174,Train,,,,
14-04-2023,0,29.68611933,2.344171284,23.96508243,26.4127605,33.90859485,-0.072,6.4,704,250,524,18,35.4,0.118,Train,,,,
15-04-2023,0,30.62574094,0.788255114,23.01192847,26.64481163,33.6939032,-0.0602,6.4,704,250,524,18,35.4,0.1198,Train,,,,
16-04-2023,0,30.82868729,1.656837217,26.13157296,24.4588805,32.23296643,-0.0484,6.4,704,250,524,18,35.4,0.1216,Train,,,,
17-04-2023,0,31.04370842,1.373577016,25.87796545,25.116943,32.99257611,-0.0366,6.4,704,250,524,18,35.4,0.1234,Train,,,,
18-04-2023,0,31.53134054,1.591730621,26.95027969,25.90745938,35.6208509,-0.0248,6.4,704,250,524,18,35.4,0.1252,Train,,,,
19-04-2023,0,29.65582492,1.577883227,33.68514378,24.5094255,29.15673629,-0.013,6.4,704,250,524,18,35.4,0.127,Train,,,,
20-04-2023,2.702744951,28.59169668,1.415279665,38.32667001,24.8014475,32.98636222,-0.02073,6.4,704,250,524,18,35.4,0.12493,Train,,,,
21-04-2023,0,28.0123656,0.83519277,29.34867781,24.6369305,29.98365535,-0.02847,6.4,704,250,524,18,35.4,0.12287,Train,,,,
22-04-2023,0,27.97533251,2.25559313,21.9689009,26.37475888,30.57594848,-0.0362,6.4,704,250,524,18,35.4,0.1208,Train,,,,
23-04-2023,0,26.89081726,0.109332787,27.46808941,24.60810338,29.45730844,-0.04393,6.4,704,250,524,18,35.4,0.11873,Train,,,,
24-04-2023,0,25.36329422,2.791754574,36.42525768,22.66486138,28.33866841,-0.05167,6.4,704,250,524,18,35.4,0.11667,Train,,,,
25-04-2023,0,26.50661112,1.666204584,36.26211788,26.931971,29.71845272,-0.0594,6.4,704,250,524,18,35.4,0.1146,Train,,,,
26-04-2023,0,28.50146065,0.521718384,31.26983411,22.94848538,29.61050113,-0.06713,6.4,704,250,524,18,35.4,0.11253,Train,,,,
27-04-2023,0,29.40218697,1.351860812,29.80714134,23.67920513,29.50254953,-0.07487,6.4,704,250,524,18,35.4,0.11047,Train,,,,
28-04-2023,0,27.81311061,1.258070629,37.5758623,16.921883,29.39459794,-0.0826,6.4,704,250,524,18,35.4,0.1084,Train,,,,
29-04-2023,2.789107025,26.31106974,0.876519745,50.61339954,19.57417988,29.28664635,-0.09033,6.4,704,250,524,18,35.4,0.10633,Train,,,,
30-04-2023,2.061133583,24.84753126,1.41329198,61.32097304,20.19866775,29.17869475,-0.09807,6.4,704,250,524,18,35.4,0.10427,Train,,,,
1/5/2023,0,21.89125532,2.030912793,83.17922786,13.80216338,29.07074316,-0.1058,6.6,656,225,492,17.6,34.8,0.1022,Train,,,,
2/5/2023,0,21.88930537,2.122728115,86.42165959,15.063846,28.96279156,-0.11353,6.6,656,225,492,17.6,34.8,0.10013,Train,,,,
3/5/2023,0,23.23114484,1.565378596,74.75303355,18.05501675,28.85483997,-0.12127,6.6,656,225,492,17.6,34.8,0.09807,Train,,,,
4/5/2023,0,24.47349129,0.740476891,71.95735925,24.59372638,25.36761124,-0.129,6.6,656,225,492,17.6,34.8,0.096,Train,,,,
5/5/2023,0,26.62403768,1.62584806,52.08335818,25.4164675,18.20605263,-0.1194,6.6,656,225,492,17.6,34.8,0.1024,Train,,,,
6/5/2023,0,27.3155571,2.421186998,47.3848962,26.10799775,24.61843225,-0.1098,6.6,656,225,492,17.6,34.8,0.1088,Train,,,,
7/5/2023,0,28.74059703,0.302329001,40.2216533,26.34876925,31.03081187,-0.1002,6.6,656,225,492,17.6,34.8,0.1152,Train,,,,
8/5/2023,0,28.27169126,1.717855111,42.59766943,25.27187738,28.1035363,-0.0906,6.6,656,225,492,17.6,34.8,0.1216,Train,,,,
9/5/2023,0,28.19377734,2.7732097,33.11537519,28.42685225,31.85380952,-0.081,6.6,656,225,492,17.6,34.8,0.128,Train,,,,
10/5/2023,0,27.60933774,3.04584843,28.43916326,28.91226775,32.97473068,-0.0676,6.6,656,225,492,17.6,34.8,0.1284,Train,,,,
11/5/2023,0,29.49562543,1.265680704,30.41636218,28.69824925,34.13993755,-0.0542,6.6,656,225,492,17.6,34.8,0.1288,Train,,,,
12/5/2023,0,31.50473557,0.392664537,29.06676443,28.2996645,35.30514442,-0.0408,6.6,656,225,492,17.6,34.8,0.1292,Train,,,,
13-05-2023,0,32.13359095,2.127267389,30.28920091,27.994147,33.00608119,-0.0274,6.6,656,225,492,17.6,34.8,0.1296,Train,,,,
14-05-2023,0,31.49539083,0.602932283,32.36702914,25.79377225,31.26516003,-0.014,6.6,656,225,492,17.6,34.8,0.13,Train,,,,
15-05-2023,0,31.99889781,2.04452763,27.93655784,27.34964375,33.46409836,-0.0218,6.6,656,225,492,17.6,34.8,0.1316,Train,,,,
16-05-2023,0,32.06425883,2.603982968,25.5411407,27.5770035,31.85693457,-0.0296,6.6,656,225,492,17.6,34.8,0.1332,Train,,,,
17-05-2023,7.323728482,33.07824351,2.381308591,27.42171056,26.18405225,30.24977077,-0.0374,6.6,656,225,492,17.6,34.8,0.1348,Train,,,,
18-05-2023,0,31.88620529,2.730662363,34.47805204,27.112283,25.072125,-0.0452,6.6,656,225,492,17.6,34.8,0.1364,Train,,,,
19-05-2023,0,31.17204183,3.378504192,32.15084335,28.12520675,32.48845433,-0.053,6.6,656,225,492,17.6,34.8,0.138,Train,,,,
20-05-2023,0,32.0319973,2.401625445,30.06113869,28.22978825,34.5621936,-0.0557,6.6,656,225,492,17.6,34.8,0.1415,Train,,,,
21-05-2023,0,33.73291295,1.795748199,27.17897712,27.582276,36.18871975,-0.0584,6.6,656,225,492,17.6,34.8,0.145,Train,,,,
22-05-2023,0,34.47074661,3.103682417,26.35003947,25.408036,35.93190476,-0.0611,6.6,656,225,492,17.6,34.8,0.1485,Train,,,,
23-05-2023,4.607678751,34.77681249,3.351266979,28.28612375,24.2475695,35.41421871,-0.0638,6.6,656,225,492,17.6,34.8,0.152,Train,,,,
24-05-2023,0,31.44164238,0.38793811,45.01189374,23.12577025,34.89653266,-0.0665,6.6,656,225,492,17.6,34.8,0.1555,Train,,,,
25-05-2023,9.215357502,28.53654251,0.435279297,56.77296198,19.82416275,28.526787,-0.0692,6.6,656,225,492,17.6,34.8,0.159,Train,,,,
26-05-2023,0,28.70499064,0.986563478,55.51424393,23.70961075,31.91891821,-0.0719,6.6,656,225,492,17.6,34.8,0.1625,Train,,,,
27-05-2023,15.02061824,29.23651721,0.723956295,53.48659539,21.3228425,31.91745991,-0.0746,6.6,656,225,492,17.6,34.8,0.166,Train,,,,
28-05-2023,12.54485428,29.83690414,0.447770855,53.98844551,24.84345275,31.91600162,-0.0773,6.6,656,225,492,17.6,34.8,0.1695,Train,,,,
29-05-2023,15.02061824,27.62266121,0.65021445,65.26922448,20.54850525,31.91454333,-0.08,6.6,656,225,492,17.6,34.8,0.173,Train,,,,
30-05-2023,0,28.35352732,0.384786422,58.90287719,25.3689575,30.33716628,-0.085,6.6,656,225,492,17.6,34.8,0.1672,Train,,,,
31-05-2023,0,26.48727442,1.679692141,63.74047237,23.1697065,30.36542545,-0.09,6.6,656,225,492,17.6,34.8,0.1614,Train,,,,
1/6/2023,0,27.1737133,1.78514658,58.62756131,25.637764,30.1465886,-0.095,6.2,640,220,488,16.8,32.1,0.1556,Train,,,,
2/6/2023,0,27.7983064,1.700870339,57.90271621,23.40125125,29.92775176,-0.1,6.2,640,220,488,16.8,32.1,0.1498,Train,,,,
3/6/2023,0,29.35702031,1.74273957,48.77982306,27.59883125,33.35938329,-0.105,6.2,640,220,488,16.8,32.1,0.144,Train,,,,
4/6/2023,0,30.26044998,1.86083452,49.9040082,22.581205,32.82092896,-0.1042,6.2,640,220,488,16.8,32.1,0.148,Train,,,,
5/6/2023,0,30.75017128,2.017117545,42.72846412,26.13775875,32.28247463,-0.1034,6.2,640,220,488,16.8,32.1,0.152,Train,,,,
6/6/2023,0,31.29752884,2.056383697,38.14804464,24.7698435,32.76712724,-0.1026,6.2,640,220,488,16.8,32.1,0.156,Train,,,,
7/6/2023,0,31.20753568,2.560056505,35.58397473,24.64494225,32.32650273,-0.1018,6.2,640,220,488,16.8,32.1,0.16,Train,,,,
8/6/2023,0,32.71110751,2.808575626,32.28537032,25.65927525,34.48820453,-0.101,6.2,640,220,488,16.8,32.1,0.164,Train,,,,
9/6/2023,0,34.56218999,2.745841958,29.90513941,26.5584055,30.59387198,-0.0834,6.2,640,220,488,16.8,32.1,0.1584,Train,,,,
10/6/2023,0,35.20453733,3.15069084,31.9501511,23.42030225,34.08832943,-0.0658,6.2,640,220,488,16.8,32.1,0.1528,Train,,,,
11/6/2023,0,34.28089104,3.509105173,38.00736177,24.21762675,30.74959407,-0.0482,6.2,640,220,488,16.8,32.1,0.1472,Train,,,,
12/6/2023,0,35.52128309,3.800583512,37.39811935,26.289774,32.07302888,-0.0306,6.2,640,220,488,16.8,32.1,0.1416,Train,,,,
13-06-2023,0,35.93515676,5.081982839,29.14822964,25.6367035,33.68736144,-0.013,6.2,640,220,488,16.8,32.1,0.136,Train,,,,
14-06-2023,0,35.27564201,5.050939523,37.01812972,24.83485725,30.00191257,-0.01207,6.2,640,220,488,16.8,32.1,0.13437,Train,,,,
15-06-2023,0,33.73349533,4.229960649,43.91735468,24.35668225,30.41210773,-0.01113,6.2,640,220,488,16.8,32.1,0.13273,Train,,,,
16-06-2023,0,32.85304031,2.839288463,49.37614398,22.00173225,30.21464637,-0.0102,6.2,640,220,488,16.8,32.1,0.1311,Train,,,,
17-06-2023,0,33.24474106,1.449638719,52.04061312,22.2216355,30.01718501,-0.00927,6.2,640,220,488,16.8,32.1,0.12947,Train,,,,
18-06-2023,0,30.75684573,1.658715517,63.72815262,18.53713575,29.81972365,-0.00833,6.2,640,220,488,16.8,32.1,0.12783,Train,,,,
19-06-2023,0,30.83735746,2.094742031,64.04530963,16.1413595,29.6222623,-0.0074,6.2,640,220,488,16.8,32.1,0.1262,Train,,,,
20-06-2023,0,30.67286008,1.641067005,67.90267311,17.68723875,29.42480094,-0.00647,6.2,640,220,488,16.8,32.1,0.12457,Train,,,,
21-06-2023,0,31.87650452,0.738386742,63.8444867,19.991573,29.07422753,-0.00553,6.2,640,220,488,16.8,32.1,0.12293,Train,,,,
22-06-2023,0,32.18763885,1.000193,65.34521616,16.45075225,28.72365413,-0.0046,6.2,640,220,488,16.8,32.1,0.1213,Train,,,,
23-06-2023,7.334117115,30.54977252,1.20010994,76.99828114,13.370955,28.37308072,-0.00367,6.2,640,220,488,16.8,32.1,0.11967,Train,,,,
24-06-2023,29.33646846,31.78925158,1.388184613,72.70345946,17.553011,28.02250731,-0.00273,6.2,640,220,488,16.8,32.1,0.11803,Train,,,,
25-06-2023,22.00235152,27.18505567,1.166009182,90.96687559,6.5734065,27.67193391,-0.0018,6.2,640,220,488,16.8,32.1,0.1164,Train,,,,
26-06-2023,0,27.65022685,1.336731426,86.03613921,11.90037775,27.3213605,-0.00087,6.2,640,220,488,16.8,32.1,0.11477,Train,,,,
27-06-2023,19.69840968,29.49564896,1.255790936,76.96903736,19.366001,26.9707871,7.00E-05,6.2,640,220,488,16.8,32.1,0.11313,Train,,,,
28-06-2023,19.69840968,29.81520297,1.653102603,75.94645917,16.0021625,26.62021369,0.001,6.2,640,220,488,16.8,32.1,0.1115,Train,,,,
29-06-2023,9.929423928,28.09997012,1.857958876,85.0323473,11.111348,26.26964028,0.00193,6.2,640,220,488,16.8,32.1,0.10987,Train,,,,
30-06-2023,0,28.40188052,1.547661835,81.88931076,18.41246125,25.91906688,0.00287,6.2,640,220,488,16.8,32.1,0.10823,Train,,,,
1/7/2023,0,29.40399323,0.662522128,75.85530597,21.3640085,25.56849347,0.0038,6.6,624,205,504,16.4,33.9,0.1066,Train,,,,
2/7/2023,0,30.18833885,0.864667453,70.97797645,22.92288425,25.21792007,0.00473,6.6,624,205,504,16.4,33.9,0.10497,Train,,,,
3/7/2023,0,31.86228078,0.80962361,69.55154127,23.332109,24.86734666,0.00567,6.6,624,205,504,16.4,33.9,0.10333,Train,,,,
4/7/2023,17.34376721,31.00668869,2.306325434,74.14562256,20.933234,24.51677326,0.0066,6.6,624,205,504,16.4,33.9,0.1017,Train,,,,
5/7/2023,12.22559981,29.24301999,2.655646997,79.56243304,18.4504545,24.96112032,0.00753,6.6,624,205,504,16.4,33.9,0.10007,Train,,,,
6/7/2023,0,27.40941455,2.492902131,87.93562055,10.76494075,25.40546739,0.00847,6.6,624,205,504,16.4,33.9,0.09843,Train,,,,
7/7/2023,11.84404335,28.2351757,2.546195947,85.71939006,14.356471,25.84981446,0.0094,6.6,624,205,504,16.4,33.9,0.0968,Train,,,,
8/7/2023,20.19981213,27.08181534,2.945190707,91.73404328,6.50880275,26.29416152,0.01033,6.6,624,205,504,16.4,33.9,0.09517,Train,,,,
9/7/2023,35.53213088,27.06044604,2.493869476,91.78070406,7.426096125,26.73850859,0.01127,6.6,624,205,504,16.4,33.9,0.09353,Train,,,,
10/7/2023,16.54138847,28.01633606,1.503721641,87.48664348,13.16309463,27.18285565,0.0122,6.6,624,205,504,16.4,33.9,0.0919,Train,,,,
11/7/2023,10.20672123,28.4936456,0.576401827,84.76165942,15.2143055,27.62720272,0.01313,6.6,624,205,504,16.4,33.9,0.09027,Train,,,,
12/7/2023,0,27.94283447,2.11898256,87.27716188,12.697084,28.07154979,0.01407,6.6,624,205,504,16.4,33.9,0.08863,Train,,,,
13-07-2023,10.20672123,28.51420809,2.030689298,86.37505725,14.1288515,28.51589685,0.015,6.6,624,205,504,16.4,33.9,0.087,Train,,,,
14-07-2023,0,28.42979075,0.969276413,85.85291133,12.6287995,28.96024392,0.01593,6.6,624,205,504,16.4,33.9,0.08537,Train,,,,
15-07-2023,20.41344245,28.47688128,1.568949277,86.88287291,15.1104115,29.40459099,0.01687,6.6,624,205,504,16.4,33.9,0.08373,Train,,,,
16-07-2023,0,28.99491971,0.763791066,84.88746552,17.18302975,29.84893805,0.0178,6.6,624,205,504,16.4,33.9,0.0821,Train,,,,
17-07-2023,8.169117332,29.44288534,1.046512463,82.27082079,15.4588485,29.34684865,0.01873,6.6,624,205,504,16.4,33.9,0.08047,Train,,,,
18-07-2023,23.44187335,28.22307866,2.531988895,85.95791609,13.93639412,28.84475926,0.01967,6.6,624,205,504,16.4,33.9,0.07883,Train,,,,
19-07-2023,0,29.80306651,2.611598368,77.74225879,20.09692288,28.34266986,0.0206,6.6,624,205,504,16.4,33.9,0.0772,Train,,,,
20-07-2023,0,31.19095828,1.252270607,75.12925644,22.84571163,29.81893446,0.02153,6.6,624,205,504,16.4,33.9,0.07557,Train,,,,
21-07-2023,0,31.46243566,2.255758514,74.51212113,20.19413638,31.29519906,0.02247,6.6,624,205,504,16.4,33.9,0.07393,Train,,,,
22-07-2023,6.565796733,30.21195119,3.795290509,75.71300764,15.25233838,30.35713654,0.0234,6.6,624,205,504,16.4,33.9,0.0723,Train,,,,
23-07-2023,0,30.64786746,3.545407012,74.2265052,21.52135325,29.41907402,0.02433,6.6,624,205,504,16.4,33.9,0.07067,Train,,,,
24-07-2023,0,29.45374133,2.550767336,81.79684553,17.7598895,28.48101149,0.02527,6.6,624,205,504,16.4,33.9,0.06903,Train,,,,
25-07-2023,19.69739036,28.923253,2.624525158,85.74455346,14.736793,28.26469968,0.0262,6.6,624,205,504,16.4,33.9,0.0674,Train,,,,
26-07-2023,35.91703614,27.57743034,1.66746825,88.69094674,8.60126175,28.04838787,0.02713,6.6,624,205,504,16.4,33.9,0.06577,Train,,,,
27-07-2023,3.859815717,28.27917252,0.3966623,86.32706444,12.4757665,27.83207606,0.02807,6.6,624,205,504,16.4,33.9,0.06413,Train,,,,
28-07-2023,46.40248863,27.56854591,0.827112749,87.87857381,9.310928,27.61576425,0.029,6.6,624,205,504,16.4,33.9,0.0625,Train,,,,
29-07-2023,0,27.39946264,1.493911152,88.47563766,9.67768575,27.39945244,0.02993,6.6,624,205,504,16.4,33.9,0.06087,Train,,,,
30-07-2023,0,28.64278755,2.673737909,82.13500927,17.38979388,27.18314063,0.03087,6.6,624,205,504,16.4,33.9,0.05923,Train,,,,
31-07-2023,0,29.84972471,2.985692498,77.33534513,20.99168575,27.92980387,0.0318,6.6,624,205,504,16.4,33.9,0.0576,Train,,,,
1/8/2023,0,30.43733304,3.655748766,74.44730127,21.8208475,28.67646712,0.03273,6.5,608,215,480,16,35.2,0.05597,Train,,,,
2/8/2023,5.982382258,29.27804464,1.912886766,82.09184345,17.30229963,29.42313037,0.03367,6.5,608,215,480,16,35.2,0.05433,Train,,,,
3/8/2023,5.982382258,29.52502022,2.015761695,80.97371868,17.79048,29.19650429,0.0346,6.5,608,215,480,16,35.2,0.0527,Train,,,,
4/8/2023,14.52976165,28.60199,0.596316191,85.92902888,12.878204,28.96987822,0.03553,6.5,608,215,480,16,35.2,0.05107,Train,,,,
5/8/2023,14.52976165,29.10705592,1.679165219,82.89654425,13.40010713,28.74325215,0.03647,6.5,608,215,480,16,35.2,0.04943,Train,,,,
6/8/2023,0,29.9087972,3.499578038,72.11875227,20.57850563,28.51662607,0.0374,6.5,608,215,480,16,35.2,0.0478,Train,,,,
7/8/2023,0,29.2969382,4.083899652,68.81068787,18.525354,28.29,0.03833,6.5,608,215,480,16,35.2,0.04617,Train,,,,
8/8/2023,0,29.48824972,4.230050228,69.84744641,20.68239838,28.75242623,0.03927,6.5,608,215,480,16,35.2,0.04453,Train,,,,
9/8/2023,0.56346794,29.74072164,3.082986123,70.75736878,18.915422,29.21485246,0.0402,6.5,608,215,480,16,35.2,0.0429,Train,,,,
10/8/2023,14.14650653,29.18001455,2.136212264,75.3222751,14.40918213,29.67727869,0.04113,6.5,608,215,480,16,35.2,0.04127,Train,,,,
11/8/2023,0,29.90725225,2.852886516,68.68507195,19.92740113,30.13970492,0.04207,6.5,608,215,480,16,35.2,0.03963,Train,,,,
12/8/2023,0,30.42548396,3.749431802,62.22200108,20.54734038,30.60213115,0.043,6.5,608,215,480,16,35.2,0.038,Train,,,,
13-08-2023,0,29.6563043,2.606459977,68.98295877,15.22984988,30.72259394,0.0448,6.5,608,215,480,16,35.2,0.0354,Train,,,,
14-08-2023,0,27.98070043,1.991893228,77.59984826,11.28613538,30.84305672,0.0466,6.5,608,215,480,16,35.2,0.0328,Train,,,,
15-08-2023,0,29.11745288,0.847201768,77.43742553,19.44002225,30.96351951,0.0484,6.5,608,215,480,16,35.2,0.0302,Train,,,,
16-08-2023,9.63075759,30.26389592,2.191014991,70.64496556,21.4096985,31.0839823,0.0502,6.5,608,215,480,16,35.2,0.0276,Train,,,,
17-08-2023,9.63075759,30.51782761,2.687694145,65.43935294,21.82644388,28.30405152,0.052,6.5,608,215,480,16,35.2,0.025,Train,,,,
18-08-2023,0,30.6322113,0.718321825,72.06707829,21.83323713,29.47824658,0.0511,6.5,608,215,480,16,35.2,0.0258,Train,,,,
19-08-2023,19.26151518,29.48322512,1.870760077,81.7817213,16.29310688,29.64895075,0.0502,6.5,608,215,480,16,35.2,0.0266,Train,,,,
20-08-2023,0,30.55629438,2.25540258,76.41620919,20.87529975,29.81965492,0.0493,6.5,608,215,480,16,35.2,0.0274,Train,,,,
21-08-2023,6.274286121,31.21547343,1.436396368,73.65246575,20.08179775,29.99035909,0.0484,6.5,608,215,480,16,35.2,0.0282,Train,,,,
22-08-2023,25.09714448,30.10942866,0.823512175,82.52063596,12.5354995,28.61284777,0.0475,6.5,608,215,480,16,35.2,0.029,Train,,,,
23-08-2023,25.09714448,26.61577695,1.342359797,90.68342834,5.69380025,27.23533644,0.0466,6.5,608,215,480,16,35.2,0.0298,Train,,,,
24-08-2023,0,28.99761861,2.455090942,69.65656065,17.31850338,25.85782511,0.0457,6.5,608,215,480,16,35.2,0.0306,Train,,,,
25-08-2023,0,29.53328285,3.299299781,62.68678757,19.98878688,24.48031378,0.0448,6.5,608,215,480,16,35.2,0.0314,Train,,,,
26-08-2023,0,29.5988842,3.211803551,62.84331932,20.96867975,26.29034973,0.0439,6.5,608,215,480,16,35.2,0.0322,Train,,,,
27-08-2023,0,29.98588079,3.6928094,58.05520486,22.0487595,22.37628159,0.043,6.5,608,215,480,16,35.2,0.033,Train,,,,
28-08-2023,0,29.92982635,3.040539251,62.38687856,21.7623415,27.90364559,0.0228,6.5,608,215,480,16,35.2,0.042,Train,,,,
29-08-2023,0,29.94867605,2.285769309,62.20997819,22.90822075,28.0652381,0.0026,6.5,608,215,480,16,35.2,0.051,Train,,,,
30-08-2023,0,29.95399818,1.607777925,66.57825056,21.71651663,26.2928103,-0.0176,6.5,608,215,480,16,35.2,0.06,Train,,,,
31-08-2023,0,30.25261968,1.418006623,65.20998931,20.83322838,27.36083528,-0.0378,6.5,608,215,480,16,35.2,0.069,Train,,,,
1/9/2023,0,30.64893366,2.349119446,59.25527214,21.99539738,29.66811085,-0.058,6.4,640,236,472,16.8,34.2,0.078,Train,,,,
2/9/2023,0,30.4889033,2.997608048,56.18470602,23.2852905,31.97538642,-0.06255,6.4,640,236,472,16.8,34.2,0.08785,Train,,,,
3/9/2023,0,30.10194168,2.842099375,53.24402534,23.338479,28.57435597,-0.0671,6.4,640,236,472,16.8,34.2,0.0977,Train,,,,
4/9/2023,0,30.08137283,1.863239191,56.24604552,23.29691763,32.22117877,-0.07165,6.4,640,236,472,16.8,34.2,0.10755,Train,,,,
5/9/2023,0,29.72275569,1.005966712,74.61615748,21.02329075,31.99003123,-0.0762,6.4,640,236,472,16.8,34.2,0.1174,Train,,,,
6/9/2023,0,29.87192879,1.02004308,67.31043654,21.12208225,31.33706361,-0.08075,6.4,640,236,472,16.8,34.2,0.12725,Train,,,,
7/9/2023,0,31.09633598,0.472550711,62.58963094,21.16544238,30.684096,-0.0853,6.4,640,236,472,16.8,34.2,0.1371,Train,,,,
8/9/2023,0,29.04608498,2.377628757,74.00663754,17.7564415,30.01343842,-0.08985,6.4,640,236,472,16.8,34.2,0.14695,Train,,,,
9/9/2023,0,26.14163106,3.000954025,88.43314242,6.37361925,29.34278083,-0.0944,6.4,640,236,472,16.8,34.2,0.1568,Train,,,,
10/9/2023,0,25.47129148,2.710584516,92.22298809,5.957450375,28.67212325,-0.09895,6.4,640,236,472,16.8,34.2,0.16665,Train,,,,
11/9/2023,0,26.98146337,1.78706162,85.25836806,14.35373212,28.00146566,-0.1035,6.4,640,236,472,16.8,34.2,0.1765,Train,,,,
12/9/2023,0,28.7391716,0.746696159,79.16959472,19.15685463,27.33080808,-0.10805,6.4,640,236,472,16.8,34.2,0.18635,Train,,,,
13-09-2023,0,29.63763962,0.995309913,80.35365285,17.22412625,27.57295427,-0.1126,6.4,640,236,472,16.8,34.2,0.1962,Train,,,,
14-09-2023,0,29.6076224,2.133737132,79.9597817,16.0016075,27.81510045,-0.11715,6.4,640,236,472,16.8,34.2,0.20605,Train,,,,
15-09-2023,26.25726608,28.60640043,1.672501453,83.88449391,13.47099638,28.05724664,-0.1217,6.4,640,236,472,16.8,34.2,0.2159,Train,,,,
16-09-2023,43.97033795,28.24684868,3.300071585,83.99502293,14.76437375,28.29939282,-0.12625,6.4,640,236,472,16.8,34.2,0.22575,Train,,,,
17-09-2023,0,27.50696462,4.191290546,84.54112582,13.33072888,28.54153901,-0.1308,6.4,640,236,472,16.8,34.2,0.2356,Train,,,,
18-09-2023,0,27.84562645,3.052263808,78.69182563,16.9287385,28.7836852,-0.13535,6.4,640,236,472,16.8,34.2,0.24545,Train,,,,
19-09-2023,0,28.81681595,1.732125463,76.92379999,19.13178488,29.02583138,-0.1399,6.4,640,236,472,16.8,34.2,0.2553,Train,,,,
20-09-2023,0,29.36526515,0.437441882,77.4293737,18.75023563,30.23532397,-0.14445,6.4,640,236,472,16.8,34.2,0.26515,Train,,,,
21-09-2023,0,29.8635142,0.460818954,75.02477358,18.6005835,31.44481655,-0.149,6.4,640,236,472,16.8,34.2,0.275,Train,,,,
22-09-2023,0,29.1201486,0.054900352,79.37248778,18.636164,27.85207188,-0.1362,6.4,640,236,472,16.8,34.2,0.2644,Train,,,,
23-09-2023,42.91384101,27.53365606,0.195731607,85.34153868,16.07213004,27.62063444,-0.1234,6.4,640,236,472,16.8,34.2,0.2538,Train,,,,
24-09-2023,0,28.17416725,0.404679551,79.50991639,17.87352746,27.389197,-0.1106,6.4,640,236,472,16.8,34.2,0.2432,Train,,,,
25-09-2023,0,28.83910141,0.279894043,74.7978304,19.23273031,27.15775956,-0.0978,6.4,640,236,472,16.8,34.2,0.2326,Train,,,,
26-09-2023,0,28.46490885,0.691002893,75.3330122,18.68680894,29.8014598,-0.085,6.4,640,236,472,16.8,34.2,0.222,Train,,,,
27-09-2023,0,27.52783737,2.349135132,66.74289814,20.71591056,29.77568306,-0.0722,6.4,640,236,472,16.8,34.2,0.2114,Train,,,,
28-09-2023,0,26.4594195,2.015986257,64.38641925,21.35150225,31.21103044,-0.0594,6.4,640,236,472,16.8,34.2,0.2008,Train,,,,
29-09-2023,0,26.85391579,1.188385485,64.84576807,21.13580988,31.61324746,-0.0466,6.4,640,236,472,16.8,34.2,0.1902,Train,,,,
30-09-2023,0,27.53278821,2.248460718,58.88478524,20.46667713,30.49482436,-0.0338,6.4,640,236,472,16.8,34.2,0.1796,Train,,,,
1/10/2023,0,26.74180183,2.51439391,53.31277563,20.84393625,30.53964871,-0.021,6.4,624,230,496,15.6,33.4,0.169,Train,,,,
2/10/2023,0,25.93200264,2.739942296,44.38505307,21.0166415,29.48528493,-0.0192,6.4,624,230,496,15.6,33.4,0.1662,Train,,,,
3/10/2023,0,25.91972758,3.047180415,45.9417485,21.2528865,30.37366901,-0.0174,6.4,624,230,496,15.6,33.4,0.1634,Train,,,,
4/10/2023,0,26.06258609,2.910639642,54.81229483,20.81570388,30.10010148,-0.0156,6.4,624,230,496,15.6,33.4,0.1606,Train,,,,
5/10/2023,0,25.92312075,2.404409125,52.35146283,20.83830288,29.93683841,-0.0138,6.4,624,230,496,15.6,33.4,0.1578,Train,,,,
6/10/2023,0,26.64848099,0.551393396,53.23227664,20.74035331,30.41215457,-0.012,6.4,624,230,496,15.6,33.4,0.155,Train,,,,
7/10/2023,0,28.10280698,0.304669338,60.03297674,19.93839638,28.46269321,-0.0222,6.4,624,230,496,15.6,33.4,0.1462,Train,,,,
8/10/2023,0,29.28971952,1.854481225,55.12683217,19.4806603,30.60016393,-0.0324,6.4,624,230,496,15.6,33.4,0.1374,Train,,,,
9/10/2023,0,29.24804967,1.680444835,52.09265694,18.37044527,29.70358314,-0.0426,6.4,624,230,496,15.6,33.4,0.1286,Train,,,,
10/10/2023,0,27.99420255,2.010675543,54.06112578,16.80675463,30.52534738,-0.0528,6.4,624,230,496,15.6,33.4,0.1198,Train,,,,
11/10/2023,0,26.31708043,2.218107554,50.76334683,19.90078775,30.56608119,-0.063,6.4,624,230,496,15.6,33.4,0.111,Train,,,,
12/10/2023,0,26.31004232,1.006112554,50.40929202,19.95678475,29.63941452,-0.0601,6.4,624,230,496,15.6,33.4,0.1088,Train,,,,
13-10-2023,0,27.31103986,0.243176334,54.59227994,19.09821063,29.81071819,-0.0572,6.4,624,230,496,15.6,33.4,0.1066,Train,,,,
14-10-2023,0,27.92339478,0.812762801,49.12776519,17.88824625,29.83026542,-0.0543,6.4,624,230,496,15.6,33.4,0.1044,Train,,,,
15-10-2023,0,26.56579679,0.572400395,55.40170802,17.75852088,27.0214598,-0.0514,6.4,624,230,496,15.6,33.4,0.1022,Train,,,,
16-10-2023,18.15796733,25.22581635,1.521333436,64.52048392,15.64292438,26.93864949,-0.0485,6.4,624,230,496,15.6,33.4,0.1,Train,,,,
17-10-2023,0,22.6686779,0.885031645,71.80385638,14.81129288,26.85583919,-0.0456,6.4,624,230,496,15.6,33.4,0.0978,Train,,,,
18-10-2023,0,23.04681931,2.692944909,59.89933634,18.2560765,26.77302888,-0.0427,6.4,624,230,496,15.6,33.4,0.0956,Train,,,,
19-10-2023,0,22.53748856,2.307515125,58.58101285,18.77764975,27.18768931,-0.0398,6.4,624,230,496,15.6,33.4,0.0934,Train,,,,
20-10-2023,0,23.12220345,1.644775709,60.65167631,18.57938175,27.60234973,-0.0369,6.4,624,230,496,15.6,33.4,0.0912,Train,,,,
21-10-2023,0,23.31899033,0.936530199,60.44375884,18.5123135,27.96130367,-0.034,6.4,624,230,496,15.6,33.4,0.089,Train,,,,
22-10-2023,0,23.85346756,1.363290038,59.49383223,16.92470263,25.85747853,-0.0292,6.4,624,230,496,15.6,33.4,0.087,Train,,,,
23-10-2023,0,23.35059191,1.972678779,60.05243172,18.09463463,26.81691647,-0.0244,6.4,624,230,496,15.6,33.4,0.085,Train,,,,
24-10-2023,0,23.71621348,1.767579314,55.09028246,17.5615625,27.35843091,-0.0196,6.4,624,230,496,15.6,33.4,0.083,Train,,,,
25-10-2023,0,23.77004458,2.343720551,54.52068707,17.68733675,27.69790008,-0.0148,6.4,624,230,496,15.6,33.4,0.081,Train,,,,
26-10-2023,0,23.52065048,2.456377665,50.45564828,18.23575025,27.75320062,-0.01,6.4,624,230,496,15.6,33.4,0.079,Train,,,,
27-10-2023,0,23.61682472,1.56399468,46.07259008,18.37720425,28.32982826,-0.0108,6.4,624,230,496,15.6,33.4,0.075,Train,,,,
28-10-2023,0,24.07259712,0.613956064,51.5784422,16.173062,26.80317721,-0.0116,6.4,624,230,496,15.6,33.4,0.071,Train,,,,
29-10-2023,0,24.56732648,0.650448887,55.70536052,17.3869845,27.08999219,-0.0124,6.4,624,230,496,15.6,33.4,0.067,Train,,,,
30-10-2023,0,25.25706635,0.834155241,58.36314897,16.79677825,27.37680718,-0.0132,6.4,624,230,496,15.6,33.4,0.063,Train,,,,
31-10-2023,0,25.10069809,1.053779602,61.26010094,16.2559175,27.44433255,-0.014,6.4,624,230,496,15.6,33.4,0.059,Train,,,,
1/11/2023,0,24.94123421,0.94435324,61.09583943,16.69993925,27.51185792,-0.01767,6.8,656,240,480,16,32.1,0.0562,Train,,,,
2/11/2023,0,24.4085022,1.544688781,61.32835752,16.5619475,25.38692428,-0.02133,6.8,656,240,480,16,32.1,0.0534,Train,,,,
3/11/2023,0,23.76484706,1.672776986,62.99493268,16.03123825,22.78476534,-0.025,6.8,656,240,480,16,32.1,0.0506,Train,,,,
4/11/2023,0,23.57902743,1.625273135,60.98680883,16.1730525,23.44924362,-0.02867,6.8,656,240,480,16,32.1,0.0478,Train,,,,
5/11/2023,0,23.15900828,1.153632749,54.87332587,16.908699,24.76156909,-0.03233,6.8,656,240,480,16,32.1,0.045,Train,,,,
6/11/2023,0,22.66076241,1.020499365,55.31859055,16.831291,24.98483216,-0.036,6.8,656,240,480,16,32.1,0.0422,Train,,,,
7/11/2023,0,23.22938563,0.865007269,57.07067702,16.418643,24.5089071,-0.03967,6.8,656,240,480,16,32.1,0.0394,Train,,,,
8/11/2023,0,23.29743538,1.583694812,55.67103705,15.87613475,23.50887588,-0.04333,6.8,656,240,480,16,32.1,0.0366,Train,,,,
9/11/2023,0,23.28499374,0.952824554,55.38008518,15.31444625,24.79736924,-0.047,6.8,656,240,480,16,32.1,0.0338,Train,,,,
10/11/2023,0,21.81229617,1.811698495,68.09251343,11.86268475,23.69925839,-0.05067,6.8,656,240,480,16,32.1,0.031,Train,,,,
11/11/2023,0,20.0549675,2.322836512,66.01960213,15.74495,22.60114754,-0.05433,6.8,656,240,480,16,32.1,0.0282,Train,,,,
12/11/2023,0,20.03586985,2.316771761,64.63445052,16.17241125,23.82498829,-0.058,6.8,656,240,480,16,32.1,0.0254,Train,,,,
13-11-2023,0,20.0300588,1.480365065,62.92182101,15.9461785,22.21796253,-0.06167,6.8,656,240,480,16,32.1,0.0226,Train,,,,
14-11-2023,0,19.95303624,1.770703001,61.89095911,13.59334375,21.89232631,-0.06533,6.8,656,240,480,16,32.1,0.0198,Train,,,,
15-11-2023,0,19.52552058,1.637187642,65.48911591,16.03729075,21.56669009,-0.069,6.8,656,240,480,16,32.1,0.017,Train,,,,
16-11-2023,0,20.85169118,0.584860533,65.40173769,15.63855925,21.99252927,-0.0596,6.8,656,240,480,16,32.1,0.0226,Train,,,,
17-11-2023,0,21.0525528,0.496702035,65.54222469,14.93852625,21.77,-0.0502,6.8,656,240,480,16,32.1,0.0282,Train,,,,
18-11-2023,0,20.91708717,0.982849346,62.76994585,14.59161525,23.20534738,-0.0408,6.8,656,240,480,16,32.1,0.0338,Train,,,,
19-11-2023,0,20.39366493,0.632636946,62.58266514,14.14131575,22.49028103,-0.0314,6.8,656,240,480,16,32.1,0.0394,Train,,,,
20-11-2023,0,19.68844566,1.688351892,65.24089515,15.22689225,21.84850117,-0.022,6.8,656,240,480,16,32.1,0.045,Train,,,,
21-11-2023,0,19.52280324,2.892057453,58.12608021,15.31293125,22.39290398,-0.024,6.8,656,240,480,16,32.1,0.043,Train,,,,
22-11-2023,0,18.74281654,2.433236354,60.17055935,15.4042415,21.00873536,-0.026,6.8,656,240,480,16,32.1,0.041,Train,,,,
23-11-2023,0,18.8005895,0.907391043,64.5266026,15.24474675,21.28993755,-0.028,6.8,656,240,480,16,32.1,0.039,Train,,,,
24-11-2023,0,19.04507599,1.189736352,66.353372,15.0914275,21.02150664,-0.03,6.8,656,240,480,16,32.1,0.037,Train,,,,
25-11-2023,0,19.30075989,0.186750085,65.13884355,13.736629,20.91460578,-0.032,6.8,656,240,480,16,32.1,0.035,Train,,,,
26-11-2023,3.275760973,20.10133197,1.491076959,65.08723934,12.78957925,21.00040827,-0.0288,6.8,656,240,480,16,32.1,0.0343,Train,,,,
27-11-2023,3.275760973,18.79608879,1.854785892,74.51907608,6.02346825,21.08621076,-0.0256,6.8,656,240,480,16,32.1,0.0336,Train,,,,
28-11-2023,0,17.98024839,1.611170571,80.62460939,7.334348,21.17201325,-0.0224,6.8,656,240,480,16,32.1,0.0329,Train,,,,
29-11-2023,0,19.08274803,0.759053701,77.07784143,12.751137,21.25781574,-0.0192,6.8,656,240,480,16,32.1,0.0322,Train,,,,
30-11-2023,0,19.00273158,1.183098586,78.07767333,11.46222625,21.34361823,-0.016,6.8,656,240,480,16,32.1,0.0315,Train,,,,
1/12/2023,0,19.26941071,1.590621681,76.21006091,12.52292575,20.98089883,-0.0128,6.5,640,215,454,14.8,34.4,0.0308,Train,,,,
2/12/2023,0,18.51817983,1.687592077,72.64074201,12.798988,20.61817942,-0.0096,6.5,640,215,454,14.8,34.4,0.0301,Train,,,,
3/12/2023,0,19.03780645,0.94132773,67.65108058,13.4612585,21.15961749,-0.0064,6.5,640,215,454,14.8,34.4,0.0294,Train,,,,
4/12/2023,0,17.94526443,1.582069509,71.04032464,11.61685675,20.92618267,-0.0032,6.5,640,215,454,14.8,34.4,0.0287,Train,,,,
5/12/2023,0,17.31399562,2.146807085,67.39436,14.20500125,20.69274785,0,6.5,640,215,454,14.8,34.4,0.028,Train,,,,
6/12/2023,0,17.06573321,1.633570854,66.80913034,14.515638,21.60286495,-0.0088,6.5,640,215,454,14.8,34.4,0.0242,Train,,,,
7/12/2023,0,17.8769839,2.05957948,66.05699733,13.8571915,20.41126464,-0.0176,6.5,640,215,454,14.8,34.4,0.0204,Train,,,,
8/12/2023,0,16.96439196,2.507271527,65.06009184,14.264449,20.71034348,-0.0264,6.5,640,215,454,14.8,34.4,0.0166,Train,,,,
9/12/2023,0,16.52535082,2.780012558,62.35645898,14.4918255,19.82247463,-0.0352,6.5,640,215,454,14.8,34.4,0.0128,Train,,,,
10/12/2023,0,15.87223841,2.954749148,62.64830752,14.4581345,19.08884465,-0.044,6.5,640,215,454,14.8,34.4,0.009,Train,,,,
11/12/2023,2.941386461,15.26624133,0.309571373,65.77459223,14.37841,18.54302108,-0.0354,6.5,640,215,454,14.8,34.4,0.0106,Train,,,,
12/12/2023,0,16.15988566,1.235433104,66.16618541,13.85779375,17.9971975,-0.0268,6.5,640,215,454,14.8,34.4,0.0122,Train,,,,
13-12-2023,0,16.54354121,1.425709436,63.60051319,14.0969315,19.3625,-0.0182,6.5,640,215,454,14.8,34.4,0.0138,Train,,,,
14-12-2023,0,15.31947416,2.566566639,61.75947816,14.26931625,12.29131579,-0.0096,6.5,640,215,454,14.8,34.4,0.0154,Train,,,,
15-12-2023,0,15.05628738,1.564726346,64.6829524,14.2361075,18.94617486,-0.001,6.5,640,215,454,14.8,34.4,0.017,Train,,,,
16-12-2023,0,15.31833801,1.753681152,60.75019897,13.99587325,18.83903981,0.0006,6.5,640,215,454,14.8,34.4,0.0203,Train,,,,
17-12-2023,0,15.60345929,2.348462444,63.26932173,14.059194,18.73190476,0.0022,6.5,640,215,454,14.8,34.4,0.0236,Train,,,,
18-12-2023,0,14.99999644,3.416677678,60.01230289,14.33889375,18.66775176,0.0038,6.5,640,215,454,14.8,34.4,0.0269,Train,,,,
19-12-2023,0,14.92529195,3.178142798,57.13548403,14.53513375,17.31938329,0.0054,6.5,640,215,454,14.8,34.4,0.0302,Train,,,,
20-12-2023,0,14.49932823,2.127698413,64.6508802,13.83798075,12.56787004,0.007,6.5,640,215,454,14.8,34.4,0.0335,Train,,,,
21-12-2023,0,14.63734716,2.09354429,66.77236942,13.525935,16.63982808,0.0086,6.5,640,215,454,14.8,34.4,0.0368,Train,,,,
22-12-2023,0,14.85980186,0.737987761,68.801972,14.092848,16.74007026,0.0102,6.5,640,215,454,14.8,34.4,0.0401,Train,,,,
23-12-2023,0,15.86506042,1.030978884,69.401293,13.57575825,17.52465262,0.0118,6.5,640,215,454,14.8,34.4,0.0434,Train,,,,
24-12-2023,0,16.08709806,1.528644693,69.20813518,13.99192225,18.30923497,0.0134,6.5,640,215,454,14.8,34.4,0.0467,Train,,,,
25-12-2023,0,15.8369016,2.055409977,70.64025254,14.0124025,19.09938329,0.015,6.5,640,215,454,14.8,34.4,0.05,Train,,,,
26-12-2023,0,15.6451088,1.13323256,68.32301394,13.63098525,17.99040073,0.01362,6.5,640,215,454,14.8,34.4,0.05008,Train,,,,
27-12-2023,0,15.56996371,1.6721864,72.90102121,14.1488515,17.72691454,0.01223,6.5,640,215,454,14.8,34.4,0.05017,Train,,,,
28-12-2023,0,13.37698072,1.337920116,85.62922818,12.4472475,17.46342836,0.01085,6.5,640,215,454,14.8,34.4,0.05025,Train,,,,
29-12-2023,2.898072163,12.24322027,0.758824395,88.67677526,8.17361225,17.19994217,0.00947,6.5,640,215,454,14.8,34.4,0.05033,Train,,,,
30-12-2023,0,11.91969643,0.726237366,87.65157537,9.15537725,16.93645599,0.00808,6.5,640,215,454,14.8,34.4,0.05042,Train,,,,
31-12-2023,0,11.73967323,0.87886845,84.3472102,11.0522395,16.6729698,0.0067,6.5,640,215,454,14.8,34.4,0.0505,Train,,,,
1/1/2024,0,10.76867256,1.43908213,80.49316145,13.20872925,16.40948362,0.00532,6.5,640,215,454,14.8,34.4,0.05058,Train,,,,
2/1/2024,0,10.08886808,1.390066776,84.4458916,11.90498325,16.14599743,0.00393,6.5,640,215,454,14.8,34.4,0.05067,Train,,,,
3/1/2024,0,10.95272853,0.94986284,82.33029771,11.044928,15.88251125,0.00255,6.5,640,215,454,14.8,34.4,0.05075,Train,,,,
4/1/2024,0,13.08992093,1.380150695,80.37350875,9.40513225,15.61902506,0.00117,6.5,640,215,454,14.8,34.4,0.05083,Train,,,,
5/1/2024,0,13.93481153,1.147006005,80.39733105,7.5748345,15.35553887,-0.00022,6.5,640,215,454,14.8,34.4,0.05092,Train,,,,
6/1/2024,0,12.5129467,0.530285485,76.51079696,12.255678,15.09205269,-0.0016,6.5,640,215,454,14.8,34.4,0.051,Train,,,,
7/1/2024,0,11.44937986,0.349446234,76.01268516,13.634728,14.8285665,-0.00298,6.5,640,215,454,14.8,34.4,0.05108,Train,,,,
8/1/2024,0,11.95766919,0.975745708,77.95650754,13.81944275,14.56508032,-0.00437,6.5,640,215,454,14.8,34.4,0.05117,Train,,,,
9/1/2024,0,12.00890376,2.672430375,77.44643838,13.7156455,14.30159413,-0.00575,6.5,640,215,454,14.8,34.4,0.05125,Train,,,,
10/1/2024,0,10.59056943,3.025986116,74.06945182,15.11721575,14.03810795,-0.00713,6.5,640,215,454,14.8,34.4,0.05133,Train,,,,
11/1/2024,0,10.55425415,2.569544746,80.31477432,14.3420505,13.77462176,-0.00852,6.5,640,215,454,14.8,34.4,0.05142,Train,,,,
12/1/2024,0,11.12605502,2.078545115,73.98459324,15.3994665,13.83506663,-0.0099,6.5,640,215,454,14.8,34.4,0.0515,Train,,,,
13-01-2024,0,10.50978114,0.994651055,78.85344179,11.0574115,13.89551151,-0.01128,6.5,640,215,454,14.8,34.4,0.05158,Train,,,,
14-01-2024,0,10.55267487,2.10877357,74.15640262,14.437255,13.95595638,-0.01267,6.5,640,215,454,14.8,34.4,0.05167,Train,,,,
15-01-2024,0,9.425714111,1.289782205,78.5141398,13.66283625,14.01640125,-0.01405,6.5,640,215,454,14.8,34.4,0.05175,Train,,,,
16-01-2024,0,10.56718661,1.638724708,74.73617516,14.4694995,13.92646705,-0.01543,6.5,640,215,454,14.8,34.4,0.05183,Train,,,,
17-01-2024,0,11.09703534,1.804304321,79.01220459,15.00799475,13.83653284,-0.01682,6.5,640,215,454,14.8,34.4,0.05192,Train,,,,
18-01-2024,0,11.68810361,0.856848823,82.61071433,14.502771,13.74659864,-0.0182,6.5,640,215,454,14.8,34.4,0.052,Train,,,,
19-01-2024,0,11.37372742,0.999882647,82.01037758,13.67363525,13.65666444,-0.01958,6.5,640,215,454,14.8,34.4,0.05208,Train,,,,
20-01-2024,0,10.912699,1.321810601,79.29945432,13.72380975,13.56673023,-0.02097,6.5,640,215,454,14.8,34.4,0.05217,Train,,,,
21-01-2024,0,10.72696012,2.725417687,78.25557059,15.97828125,13.47679603,-0.02235,6.5,640,215,454,14.8,34.4,0.05225,Train,,,,
22-01-2024,0,10.63540738,0.377963307,75.85551499,15.04535175,13.38686183,-0.02373,6.5,640,215,454,14.8,34.4,0.05233,Train,,,,
23-01-2024,0,12.48978259,0.755689108,76.28749944,14.62238025,13.41005725,-0.02512,6.5,640,215,454,14.8,34.4,0.05242,Train,,,,
24-01-2024,0,12.93703804,1.573040894,76.97631756,14.97192875,13.43325267,-0.0265,6.5,640,215,454,14.8,34.4,0.0525,Train,,,,
25-01-2024,0,12.62392578,0.865103772,74.70940041,15.11253625,13.45644809,-0.02788,6.5,640,215,454,14.8,34.4,0.05258,Train,,,,
26-01-2024,0,13.13833199,1.194218856,73.22500467,15.95546975,14.67446526,-0.02927,6.5,640,215,454,14.8,34.4,0.05267,Train,,,,
27-01-2024,0,14.0831454,2.654333456,62.31268002,16.45506313,15.89248244,-0.03065,6.5,640,215,454,14.8,34.4,0.05275,Train,,,,
28-01-2024,12.99191695,14.30031102,1.980495711,75.48466095,12.510482,14.86188056,-0.03203,6.5,640,215,454,14.8,34.4,0.05283,Train,,,,
29-01-2024,0,15.49274851,0.665823263,77.00456765,16.081988,13.83127869,-0.03342,6.5,640,215,454,14.8,34.4,0.05292,Train,,,,
30-01-2024,0,15.22051837,0.78753036,80.15547725,15.99855175,14.31322678,-0.0348,6.5,640,215,454,14.8,34.4,0.053,Train,,,,
31-01-2024,0,15.34545606,1.614678994,86.62505266,10.3202265,14.79517486,-0.03618,6.5,640,215,454,14.8,34.4,0.05308,Train,,,,
1/2/2024,0,15.63481801,3.075413809,84.72010218,10.925251,15.27712295,-0.03757,6.8,600,190,364,16.8,29.2,0.05317,Train,,,,
2/2/2024,0,13.49907455,2.747709639,74.39086048,15.168849,15.75907104,-0.03895,6.8,600,190,364,16.8,29.2,0.05325,Train,,,,
3/2/2024,0,15.61600075,1.547434761,58.55240819,15.7619035,16.13953552,-0.04033,6.8,600,190,364,16.8,29.2,0.05333,Train,,,,
4/2/2024,0,16.50550168,1.506532128,84.84573154,9.158306125,16.52,-0.04172,6.8,600,190,364,16.8,29.2,0.05342,Train,,,,
5/2/2024,0,14.65786069,2.148947489,77.33657572,13.711828,16.90046448,-0.0431,6.8,600,190,364,16.8,29.2,0.0535,Train,,,,
6/2/2024,0,12.73802592,2.88469634,63.75340827,17.8837905,17.28092896,-0.04448,6.8,600,190,364,16.8,29.2,0.05358,Train,,,,
7/2/2024,0,13.34855232,3.79252009,58.05500467,17.843589,16.39711163,-0.04587,6.8,600,190,364,16.8,29.2,0.05367,Train,,,,
8/2/2024,0,13.73537216,4.540359489,54.74997409,18.6087265,15.5132943,-0.04725,6.8,600,190,364,16.8,29.2,0.05375,Train,,,,
9/2/2024,0,13.68954748,1.324822844,66.40515616,18.45465375,18.87065574,-0.04863,6.8,600,190,364,16.8,29.2,0.05383,Train,,,,
10/2/2024,0,14.19634018,1.364354315,66.04521498,18.5679545,17.77721311,-0.05002,6.8,600,190,364,16.8,29.2,0.05392,Train,,,,
11/2/2024,0,14.68600489,1.738197833,70.74748532,18.55051575,19.01967994,-0.0514,6.8,600,190,364,16.8,29.2,0.054,Train,,,,
12/2/2024,0,15.56325366,0.549569926,70.645162,16.3791335,19.69384356,-0.05278,6.8,600,190,364,16.8,29.2,0.05408,Train,,,,
13-02-2024,0,16.19565353,1.046731926,67.01244361,16.85194463,20.36800719,-0.05417,6.8,600,190,364,16.8,29.2,0.05417,Train,,,,
14-02-2024,6.540231814,16.55157051,2.317793138,70.47092039,18.505668,21.04217082,-0.05555,6.8,600,190,364,16.8,29.2,0.05425,Train,,,,
15-02-2024,0,16.33059209,2.274087585,67.92169064,18.957569,20.19765027,-0.05693,6.8,600,190,364,16.8,29.2,0.05433,Train,,,,
16-02-2024,0,16.05988528,2.223757125,59.54707428,19.444186,21.58069477,-0.05832,6.8,600,190,364,16.8,29.2,0.05442,Train,,,,
17-02-2024,0,16.918971,2.249586565,55.61650587,19.429937,21.47754098,-0.0597,6.8,600,190,364,16.8,29.2,0.0545,Train,,,,
18-02-2024,0,19.10120862,2.308382843,57.66742006,18.65347475,21.29588603,-0.06108,6.8,600,190,364,16.8,29.2,0.05458,Train,,,,
19-02-2024,0,20.1202179,4.450758929,62.60991359,17.860306,19.95850117,-0.06247,6.8,600,190,364,16.8,29.2,0.05467,Train,,,,
20-02-2024,6.238012274,19.69979757,1.031454646,61.10224174,15.45956313,18.62111632,-0.06385,6.8,600,190,364,16.8,29.2,0.05475,Train,,,,
21-02-2024,0,17.95020765,1.852403538,55.48731442,19.682556,20.91301327,-0.06523,6.8,600,190,364,16.8,29.2,0.05483,Train,,,,
22-02-2024,0,16.4332297,2.481960527,49.54246479,19.01170625,20.73935207,-0.06662,6.8,600,190,364,16.8,29.2,0.05492,Train,,,,
23-02-2024,0,15.5779129,2.103161136,45.23232829,20.5580155,21.13423107,-0.068,6.8,600,190,364,16.8,29.2,0.055,Train,,,,
24-02-2024,8.214760602,16.01219775,0.635097105,45.82373985,18.341336,18.78572209,-0.073,6.8,600,190,364,16.8,29.2,0.0514,Train,,,,
25-02-2024,0,16.90622864,2.005870005,39.17056405,20.09130313,21.77409055,-0.078,6.8,600,190,364,16.8,29.2,0.0478,Train,,,,
26-02-2024,0,17.76096878,1.360355467,46.50318902,16.9267485,21.86995316,-0.083,6.8,600,190,364,16.8,29.2,0.0442,Train,,,,
27-02-2024,0,17.1996774,2.628727047,50.07652863,17.96324488,21.96581577,-0.088,6.8,600,190,364,16.8,29.2,0.0406,Train,,,,
28-02-2024,0,17.69367816,3.461794606,52.30425125,20.73789375,22.06167838,-0.093,6.8,600,190,364,16.8,29.2,0.037,Train,,,,
29-02-2024,0,18.95663033,2.359868575,51.57235441,21.0332835,23.27210773,-0.082,6.8,600,190,364,16.8,29.2,0.0344,Train,,,,
1/3/2024,0,20.84275525,1.985450164,55.22201273,17.83272425,21.14003903,-0.071,6.8,600,190,364,16.8,29.2,0.0318,Train,,,,
2/3/2024,0,20.10298436,3.914687258,75.56195659,14.88890513,19.00797034,-0.06,6.8,600,190,364,16.8,29.2,0.0292,Train,,,,
3/3/2024,0,17.02414665,1.490344022,68.63365347,16.35106288,20.81069477,-0.049,6.8,600,190,364,16.8,29.2,0.0266,Train,,,,
4/3/2024,0,15.20005824,2.549215229,53.02263653,21.6642527,22.6134192,-0.038,6.8,600,190,364,16.8,29.2,0.024,Train,,,,
5/3/2024,0,14.9892053,3.08123799,52.59985898,22.15409703,21.15637002,-0.0424,6.8,600,190,364,16.8,29.2,0.0212,Train,,,,
6/3/2024,0,15.34856059,2.285134807,56.57991594,19.90462081,21.18654957,-0.0468,6.8,600,190,364,16.8,29.2,0.0184,Train,,,,
7/3/2024,0,17.0973704,2.425273922,55.85509928,21.8506045,21.21672912,-0.0512,6.8,600,190,364,16.8,29.2,0.0156,Train,,,,
8/3/2024,0,17.76354624,2.834701762,53.65569475,22.248208,23.18968774,-0.0556,6.8,600,190,364,16.8,29.2,0.0128,Train,,,,
9/3/2024,0,18.18084424,3.069261036,50.80206568,22.71744856,23.5982904,-0.06,6.8,600,190,364,16.8,29.2,0.01,Train,,,,
10/3/2024,0,19.886424,1.006365375,50.80763663,21.76064438,25.55004684,-0.051,6.8,600,190,364,16.8,29.2,0.0218,Train,,,,
11/3/2024,0,21.45947673,0.983424729,51.98528305,22.10601906,25.055121,-0.042,6.8,600,190,364,16.8,29.2,0.0336,Train,,,,
12/3/2024,0,20.73436317,2.161956141,56.65984493,21.36324281,25.42537861,-0.033,6.8,600,190,364,16.8,29.2,0.0454,Train,,,,
13-03-2024,0,20.74802551,0.993527211,52.34432867,20.19318719,25.79563622,-0.024,6.8,600,190,364,16.8,29.2,0.0572,Train,,,,
14-03-2024,0,21.06867752,2.255450863,49.30583523,21.28664563,24.38077283,-0.015,6.8,600,190,364,16.8,29.2,0.069,Train,,,,
15-03-2024,0,19.47375005,3.083609083,42.43821938,23.766608,26.37259173,-0.0038,6.8,600,190,364,16.8,29.2,0.076,Train,,,,
16-03-2024,0,19.72715912,1.902270859,46.05321052,23.182671,26.29927921,0.0074,6.8,600,190,364,16.8,29.2,0.083,Train,,,,
17-03-2024,0,20.31142515,2.020894181,46.91773326,22.65823169,26.22596669,0.0186,6.8,600,190,364,16.8,29.2,0.09,Train,,,,
18-03-2024,0,20.79256719,1.970954122,46.98371495,23.94032619,26.15265418,0.0298,6.8,600,190,364,16.8,29.2,0.097,Train,,,,
19-03-2024,0,21.42559586,2.037440035,46.5757737,23.74555144,27.17359094,0.041,6.8,600,190,364,16.8,29.2,0.104,Train,,,,
20-03-2024,0,22.76259638,1.026951177,44.10436224,23.96877006,27.39505855,0.03525,6.8,600,190,364,16.8,29.2,0.10545,Train,,,,
21-03-2024,0,22.23471731,3.033326551,59.32472119,22.87218738,24.87576112,0.0295,6.8,600,190,364,16.8,29.2,0.1069,Train,,,,
22-03-2024,0,23.90197589,0.87315132,53.6703292,23.46297625,23.16394582,0.02375,6.8,600,190,364,16.8,29.2,0.10835,Train,,,,
23-03-2024,0,25.01361745,2.768535234,44.29360495,24.04253438,29.80063232,0.018,6.8,600,190,364,16.8,29.2,0.1098,Train,,,,
24-03-2024,0,23.60386365,2.035205814,46.16287588,19.01101688,29.30569087,0.01225,6.8,600,190,364,16.8,29.2,0.11125,Train,,,,
25-03-2024,0,24.99909299,2.914109925,45.70255558,24.0788725,28.81074941,0.0065,6.8,600,190,364,16.8,29.2,0.1127,Train,,,,
26-03-2024,0,26.40237071,1.810103124,44.2669759,23.09457313,20.30831169,0.00075,6.8,600,190,364,16.8,29.2,0.11415,Train,,,,
27-03-2024,0,27.86215108,2.085032302,44.21656371,23.65512875,23.89303563,-0.005,6.8,600,190,364,16.8,29.2,0.1156,Train,,,,
28-03-2024,0,28.07071966,1.99938023,43.14770551,21.67229625,27.47775956,-0.01075,6.8,600,190,364,16.8,29.2,0.11705,Train,,,,
29-03-2024,13.82338428,28.49802742,1.15874456,48.66227997,22.6114885,27.98540984,-0.0165,6.8,600,190,364,16.8,29.2,0.1185,Train,,,,
30-03-2024,0,26.64011281,1.287869912,51.83569496,23.0579825,28.49306011,-0.02225,6.8,600,190,364,16.8,29.2,0.11995,Train,,,,
31-03-2024,0,26.61793289,3.115351546,40.47636641,24.36376738,29.40169399,-0.028,6.8,600,190,364,16.8,29.2,0.1214,Train,,,,
1/4/2024,0,24.34577586,3.466545449,35.75704567,23.21485963,26.52882904,-0.03375,7.1,576,200,388,8.2,26,0.12285,Train,,,,
2/4/2024,0,24.98790703,2.683172357,32.82420763,24.94197513,30.29471507,-0.0395,7.1,576,200,388,8.2,26,0.1243,Train,,,,
3/4/2024,0,27.14011281,1.453032802,30.8182834,23.1999035,29.64223263,-0.04525,7.1,576,200,388,8.2,26,0.12575,Train,,,,
4/4/2024,0,28.02809995,2.081490658,29.51942863,24.0167105,28.9897502,-0.051,7.1,576,200,388,8.2,26,0.1272,Train,,,,
5/4/2024,0,27.35499725,3.134933248,26.95494284,21.56412263,23.84111913,-0.05675,7.1,576,200,388,8.2,26,0.12865,Train,,,,
6/4/2024,0,26.46194166,3.019510079,25.79353404,25.96895625,30.86258392,-0.0625,7.1,576,200,388,8.2,26,0.1301,Train,,,,
7/4/2024,0,26.18218066,2.670864239,25.60854609,26.4807385,32.51515222,-0.06825,7.1,576,200,388,8.2,26,0.13155,Train,,,,
8/4/2024,0,27.10008901,1.972901598,23.47991897,25.82023025,33.04422326,-0.074,7.1,576,200,388,8.2,26,0.133,Train,,,,
9/4/2024,0,27.41927999,1.137210607,23.02348134,23.15883413,31.36271663,-0.0665,7.1,576,200,388,8.2,26,0.1318,Train,,,,
10/4/2024,0,28.37731323,0.748360952,22.90348124,26.03902075,29.68120999,-0.059,7.1,576,200,388,8.2,26,0.1306,Train,,,,
11/4/2024,5.24E-05,28.53315379,1.798636764,25.21393994,25.79335125,28.27142703,-0.0515,7.1,576,200,388,8.2,26,0.1294,Train,,,,
12/4/2024,0.074785534,29.55038414,1.627054996,23.8758508,25.714558,27.00904054,-0.044,7.1,576,200,388,8.2,26,0.1282,Train,,,,
13-04-2024,4.628681272,29.81607526,0.409111551,29.1152889,23.54622063,25.74665405,-0.0365,7.1,576,200,388,8.2,26,0.127,Train,,,,
14-04-2024,2.806548397,28.43756828,2.923938243,37.111517,21.04134738,24.48426756,-0.029,7.1,576,200,388,8.2,26,0.1258,Train,,,,
15-04-2024,0.97161166,28.64946264,1.000884658,43.66796945,17.52841338,23.22188107,-0.0215,7.1,576,200,388,8.2,26,0.1246,Train,,,,
16-04-2024,0,29.01242345,3.879119426,37.1175724,24.76164875,21.95949458,-0.014,7.1,576,200,388,8.2,26,0.1234,Train,,,,
17-04-2024,0,28.66086922,4.354132297,26.44500851,26.86982475,27.69516784,-0.0065,7.1,576,200,388,8.2,26,0.1222,Train,,,,
18-04-2024,0,30.40467796,3.13358637,29.33849175,25.43914438,32.82211553,0.001,7.1,576,200,388,8.2,26,0.121,Train,,,,
19-04-2024,0,30.53899155,2.470197887,29.00184012,23.77820025,33.11357533,-0.009,7.1,576,200,388,8.2,26,0.1178,Train,,,,
20-04-2024,0,29.78352063,3.300810433,29.23942251,24.8972865,32.24830158,-0.019,7.1,576,200,388,8.2,26,0.1146,Train,,,,
21-04-2024,0,29.90445226,3.241072776,27.17784436,24.72187838,31.38302782,-0.029,7.1,576,200,388,8.2,26,0.1114,Train,,,,
22-04-2024,0,29.69594917,2.481606714,23.50366435,25.28968788,31.98373927,-0.039,7.1,576,200,388,8.2,26,0.1082,Train,,,,
23-04-2024,1.16461338,28.7898791,1.504677355,28.26970672,24.85968975,33.74136612,-0.049,7.1,576,200,388,8.2,26,0.105,Train,,,,
24-04-2024,0,29.09368477,2.66654025,28.57776122,26.91496488,32.78216237,-0.04793,7.1,576,200,388,8.2,26,0.10947,Train,,,,
25-04-2024,0,30.54001261,2.777949223,22.17140217,27.50197713,34.82509758,-0.04687,7.1,576,200,388,8.2,26,0.11393,Train,,,,
26-04-2024,0,32.00901947,2.420305769,22.55217568,25.2949955,33.47353438,-0.0458,7.1,576,200,388,8.2,26,0.1184,Train,,,,
27-04-2024,0,30.94214846,2.257628711,25.02658608,24.9754695,32.12197117,-0.04473,7.1,576,200,388,8.2,26,0.12287,Train,,,,
28-04-2024,0,30.73046392,1.963109046,24.25276111,25.35456625,30.77040797,-0.04367,7.1,576,200,388,8.2,26,0.12733,Train,,,,
29-04-2024,0,30.67435099,1.632000099,26.35609175,24.69387688,29.41884477,-0.0426,7.1,576,200,388,8.2,26,0.1318,Train,,,,
30-04-2024,0,29.22576548,3.389950328,19.8827535,28.38523425,32.58039813,-0.04153,7.1,576,200,388,8.2,26,0.13627,Train,,,,
1/5/2024,0,26.72465223,4.181611863,21.37900826,28.46239425,30.71910226,-0.04047,7.1,544,220,400,12.4,18.2,0.14073,Train,,,,
2/5/2024,0,28.18802859,3.315707864,21.834821,28.5818555,29.3335711,-0.0394,7.1,544,220,400,12.4,18.2,0.1452,Train,,,,
3/5/2024,0,31.14089228,3.118285236,18.90252756,27.17256563,27.94803993,-0.03833,7.1,544,220,400,12.4,18.2,0.14967,Train,,,,
4/5/2024,0,32.31654447,2.334693989,19.23230913,26.05838088,33.84205308,-0.03727,7.1,544,220,400,12.4,18.2,0.15413,Train,,,,
5/5/2024,0,33.00262413,3.480015874,21.11223531,27.83202163,35.18205308,-0.0362,7.1,544,220,400,12.4,18.2,0.1586,Train,,,,
6/5/2024,0,33.18084043,2.771618434,22.63320365,26.56879038,35.77409055,-0.03513,7.1,544,220,400,12.4,18.2,0.16307,Train,,,,
7/5/2024,0,32.71316999,1.589253281,28.86315811,25.15813675,31.13818111,-0.03407,7.1,544,220,400,12.4,18.2,0.16753,Train,,,,
8/5/2024,0,31.81140035,3.837993582,43.06038493,26.67522825,31.38075722,-0.033,7.1,544,220,400,12.4,18.2,0.172,Train,,,,
9/5/2024,0,31.51496213,3.417703738,42.55630961,26.1648235,31.50815769,-0.0388,7.1,544,220,400,12.4,18.2,0.1622,Train,,,,
10/5/2024,3.981471941,32.1376339,2.404447816,44.50525725,26.02257175,31.63555816,-0.0446,7.1,544,220,400,12.4,18.2,0.1524,Train,,,,
11/5/2024,0.265613248,31.70694631,0.421637005,43.44574099,26.5571795,32.88868852,-0.0504,7.1,544,220,400,12.4,18.2,0.1426,Train,,,,
12/5/2024,0,31.34508095,0.597154321,39.95268818,23.239821,33.45065574,-0.0562,7.1,544,220,400,12.4,18.2,0.1328,Train,,,,
13-05-2024,0,31.99832179,1.234160557,27.44235402,25.073104,34.01262295,-0.062,7.1,544,220,400,12.4,18.2,0.123,Train,,,,
14-05-2024,0,32.29609261,2.388429906,22.48776293,27.473002,32.91387198,-0.0608,7.1,544,220,400,12.4,18.2,0.1296,Train,,,,
15-05-2024,0,33.06278445,0.515829832,23.38360732,28.3495425,36.85143638,-0.0596,7.1,544,220,400,12.4,18.2,0.1362,Train,,,,
16-05-2024,0,34.04690005,0.892077333,23.14545336,28.438658,33.73599532,-0.0584,7.1,544,220,400,12.4,18.2,0.1428,Train,,,,
17-05-2024,0,35.10701459,2.517167103,19.51422819,27.38131775,37.24338017,-0.0572,7.1,544,220,400,12.4,18.2,0.1494,Train,,,,
18-05-2024,0,36.15342229,3.564265942,16.68718541,27.781934,37.28133489,-0.056,7.1,544,220,400,12.4,18.2,0.156,Train,,,,
19-05-2024,0,36.17983716,3.135405188,17.12173907,26.86260825,36.04572209,-0.052,7.1,544,220,400,12.4,18.2,0.1582,Train,,,,
20-05-2024,0,35.62913984,1.462565283,22.54285673,27.5792085,38.04848556,-0.048,7.1,544,220,400,12.4,18.2,0.1604,Train,,,,
21-05-2024,0,34.62948189,2.233722887,36.66217954,26.708377,33.02606557,-0.044,7.1,544,220,400,12.4,18.2,0.1626,Train,,,,
22-05-2024,0,35.2835467,3.592588506,39.09484178,26.591001,33.86426561,-0.04,7.1,544,220,400,12.4,18.2,0.1648,Train,,,,
23-05-2024,0,34.80051448,3.921473409,41.22686578,25.48207925,32.06180505,-0.036,7.1,544,220,400,12.4,18.2,0.167,Train,,,,
24-05-2024,0,34.58572477,2.536010174,41.08952536,25.3008985,32.75526603,-0.051,7.1,544,220,400,12.4,18.2,0.1738,Train,,,,
25-05-2024,0,36.26176097,1.564269294,29.0049979,26.1167125,36.16742389,-0.066,7.1,544,220,400,12.4,18.2,0.1806,Train,,,,
26-05-2024,0,36.413399,1.536782825,23.46976171,28.16804275,37.4906089,-0.081,7.1,544,220,400,12.4,18.2,0.1874,Train,,,,
27-05-2024,0,36.04407654,1.138708607,26.9436538,28.1360935,38.81379391,-0.096,7.1,544,220,400,12.4,18.2,0.1942,Train,,,,
28-05-2024,1.114330779,36.90133565,0.717251785,18.8704663,28.56553025,39.28306792,-0.111,7.1,544,220,400,12.4,18.2,0.201,Train,,,,
29-05-2024,0,37.55781326,0.424853304,23.99178846,27.17327125,36.00114754,-0.1082,7.1,544,220,400,12.4,18.2,0.205,Train,,,,
30-05-2024,0,37.04358253,1.281806024,20.35573818,27.04079125,35.90611241,-0.1054,7.1,544,220,400,12.4,18.2,0.209,Train,,,,
31-05-2024,0,36.90203438,3.007497099,18.2831588,27.49632375,32.61713797,-0.1026,7.1,544,220,400,12.4,18.2,0.213,Train,,,,
1/6/2024,0,37.13062566,2.18352371,20.28860834,25.14867475,35.79693141,-0.0998,6.9,528,225,424,18,16.3,0.217,Train,,,,
2/6/2024,0,35.47545904,0.721919986,30.29258782,26.1100125,35.4097502,-0.097,6.9,528,225,424,18,16.3,0.221,Train,,,,
3/6/2024,0,35.65511983,2.298728655,26.19138182,26.53725025,35.94103825,-0.053,6.9,528,225,424,18,16.3,0.279,Train,,,,
4/6/2024,0,36.21328125,2.572555222,22.05759205,26.17167875,34.71669269,-0.009,6.9,528,225,424,18,16.3,0.337,Train,,,,
5/6/2024,0,34.81082306,1.805098477,32.10535799,26.154451,33.49234712,0.035,6.9,528,225,424,18,16.3,0.395,Train,,,,
6/6/2024,0,34.50398534,1.938735692,33.63858352,26.500091,32.26800156,0.079,6.9,528,225,424,18,16.3,0.453,Train,,,,
7/6/2024,0,35.05878156,3.430079396,31.40682088,26.00648275,30.22913636,0.123,6.9,528,225,424,18,16.3,0.511,Train,,,,
8/6/2024,0,33.87675947,3.157276748,29.21176589,25.89046875,35.55771272,0.0942,6.9,528,225,424,18,16.3,0.4438,Train,,,,
9/6/2024,0,34.44960938,3.34796,21.67165177,28.01949825,37.32715847,0.0654,6.9,528,225,424,18,16.3,0.3766,Train,,,,
10/6/2024,0,35.16955846,2.942206341,21.01740979,27.537067,39.24313037,0.0366,6.9,528,225,424,18,16.3,0.3094,Train,,,,
11/6/2024,0.001571206,35.48184738,2.247458244,21.7093237,26.8866425,38.24250585,0.0078,6.9,528,225,424,18,16.3,0.2422,Train,,,,
12/6/2024,0.016021316,36.21893781,3.159132896,20.03035678,27.7364,38.01053084,-0.021,6.9,528,225,424,18,16.3,0.175,Train,,,,
13-06-2024,6.125444343,37.5735349,4.731727198,19.56876475,26.17421625,37.77855582,-0.0268,6.9,528,225,424,18,16.3,0.1756,Train,,,,
14-06-2024,0.013472348,37.94222857,5.024636417,22.75330619,24.7057665,36.66345824,-0.0326,6.9,528,225,424,18,16.3,0.1762,Train,,,,
15-06-2024,0.016081659,37.90195045,4.778162238,23.74502028,26.3092365,35.89930523,-0.0384,6.9,528,225,424,18,16.3,0.1768,Train,,,,
16-06-2024,0,38.49971288,4.633280329,23.26278997,25.9830105,39.16389539,-0.0442,6.9,528,225,424,18,16.3,0.1774,Train,,,,
17-06-2024,0,38.88130913,4.646723435,25.27525974,24.0810615,34.45818111,-0.05,6.9,528,225,424,18,16.3,0.178,Train,,,,
18-06-2024,0,38.91846809,5.287793931,27.80176874,24.297157,37.54447307,-0.0578,6.9,528,225,424,18,16.3,0.176,Train,,,,
19-06-2024,0,37.69431712,3.934508878,33.48841507,25.47111175,30.78371841,-0.0656,6.9,528,225,424,18,16.3,0.174,Train,,,,
20-06-2024,0,35.03769836,0.896781909,44.45954651,23.8687805,32.64190995,-0.0734,6.9,528,225,424,18,16.3,0.172,Train,,,,
21-06-2024,0,31.95252571,1.593314954,58.65235824,21.8228235,34.50010148,-0.0812,6.9,528,225,424,18,16.3,0.17,Train,,,,
22-06-2024,0,33.6358626,1.315216619,51.50037354,22.3517385,34.42473726,-0.089,6.9,528,225,424,18,16.3,0.168,Train,,,,
23-06-2024,1.130147775,33.9007164,1.560137761,55.40489117,23.4029605,34.34937304,-0.08827,6.9,528,225,424,18,16.3,0.16629,Train,,,,
24-06-2024,0,33.05582263,1.778542599,60.24249591,19.3267685,34.21711111,-0.08754,6.9,528,225,424,18,16.3,0.16457,Train,,,,
25-06-2024,0,32.46415863,1.649401747,64.76958103,19.52420675,34.08484918,-0.08681,6.9,528,225,424,18,16.3,0.16286,Train,,,,
26-06-2024,30.19956625,30.67785797,2.90929027,73.643562,14.41047225,33.95258725,-0.08609,6.9,528,225,424,18,16.3,0.16114,Train,,,,
27-06-2024,0,28.11993815,3.314746093,83.49809248,9.7464455,33.82032532,-0.08536,6.9,528,225,424,18,16.3,0.15943,Train,,,,
28-06-2024,25.62277853,28.18194288,1.584197252,86.75920193,10.49280475,33.6880634,-0.08463,6.9,528,225,424,18,16.3,0.15771,Train,,,,
29-06-2024,24.27077015,28.88562737,1.221125252,84.5611424,13.3530415,33.55580147,-0.0839,6.9,528,225,424,18,16.3,0.156,Train,,,,
30-06-2024,0,30.06864319,0.34951069,80.51712764,18.4643185,33.42353954,-0.08317,6.9,528,225,424,18,16.3,0.15429,Train,,,,
1/7/2024,0,29.7342303,0.616726211,82.32119781,15.839867,33.29127761,-0.08244,7.1,472,200,432,16,18.8,0.15257,Train,,,,
2/7/2024,39.43834488,29.56208827,0.488165025,83.34538951,13.53267075,33.15901568,-0.08171,7.1,472,200,432,16,18.8,0.15086,Train,,,,
3/7/2024,22.94002167,28.91454595,1.125960652,86.08065631,9.0558845,33.02675375,-0.08099,7.1,472,200,432,16,18.8,0.14914,Train,,,,
4/7/2024,0,27.82826576,1.446230173,86.95959695,7.7365835,32.89449182,-0.08026,7.1,472,200,432,16,18.8,0.14743,Train,,,,
5/7/2024,0,27.58982239,2.331226217,88.84597955,12.79844525,32.76222989,-0.07953,7.1,472,200,432,16,18.8,0.14571,Train,,,,
6/7/2024,13.53915421,27.7202062,1.147403761,85.22123147,7.73943675,32.62996796,-0.0788,7.1,472,200,432,16,18.8,0.144,Train,,,,
7/7/2024,0,28.44216372,0.819907081,79.44871235,13.5718555,32.49770603,-0.07807,7.1,472,200,432,16,18.8,0.14229,Train,,,,
8/7/2024,0,28.92586988,1.833741586,79.46134539,18.03409125,32.3654441,-0.07734,7.1,472,200,432,16,18.8,0.14057,Train,,,,
9/7/2024,22.66177642,30.24870262,0.919578115,79.68260095,19.99801888,32.23318217,-0.07661,7.1,472,200,432,16,18.8,0.13886,Train,,,,
10/7/2024,15.84611841,31.11714579,0.716115005,76.37379063,21.69960863,32.10092025,-0.07589,7.1,472,200,432,16,18.8,0.13714,Train,,,,
11/7/2024,14.61946132,32.36533826,1.963423481,69.35451823,21.66897975,24.57,-0.07516,7.1,472,200,432,16,18.8,0.13543,Train,,,,
12/7/2024,0,30.71289597,1.675636234,74.50808686,20.25019075,25.46817109,-0.07443,7.1,472,200,432,16,18.8,0.13371,Train,,,,
13-07-2024,0,29.2474088,0.720888325,82.44515359,16.94675975,26.36634218,-0.0737,7.1,472,200,432,16,18.8,0.132,Train,,,,
14-07-2024,0,30.84219577,0.492909402,74.21249532,23.03178238,27.26451327,-0.07297,7.1,472,200,432,16,18.8,0.13029,Train,,,,
15-07-2024,14.61946132,30.02389997,2.540971051,81.0422485,17.98819438,28.16268437,-0.07224,7.1,472,200,432,16,18.8,0.12857,Train,,,,
16-07-2024,0,30.63655497,2.489085159,77.1531625,18.3614775,29.06085546,-0.07151,7.1,472,200,432,16,18.8,0.12686,Train,,,,
17-07-2024,0,31.08689016,2.21460444,75.97759971,21.3421305,29.95902655,-0.07079,7.1,472,200,432,16,18.8,0.12514,Train,,,,
18-07-2024,12.89446193,30.6335242,1.542413106,81.13806818,17.80626763,30.85719764,-0.07006,7.1,472,200,432,16,18.8,0.12343,Train,,,,
19-07-2024,5.921209157,30.0082133,2.283904205,81.40240897,19.295426,31.75536873,-0.06933,7.1,472,200,432,16,18.8,0.12171,Train,,,,
20-07-2024,0,30.94428215,1.926433999,75.84685555,20.81858925,32.65353982,-0.0686,7.1,472,200,432,16,18.8,0.12,Train,,,,
21-07-2024,0,31.04281006,2.24866162,78.29548741,19.496739,32.58615852,-0.06787,7.1,472,200,432,16,18.8,0.11829,Train,,,,
22-07-2024,24.89352437,30.92985687,2.085816593,77.34211881,18.13749138,32.51877721,-0.06714,7.1,472,200,432,16,18.8,0.11657,Train,,,,
23-07-2024,0,30.60802549,1.07939811,80.13033285,19.67610463,32.45139591,-0.06641,7.1,472,200,432,16,18.8,0.11486,Train,,,,
24-07-2024,0,29.42619476,0.435049942,85.93979338,11.57880025,32.3840146,-0.06569,7.1,472,200,432,16,18.8,0.11314,Train,,,,
25-07-2024,24.89352437,30.36718966,0.764854522,81.39806621,17.777994,32.3166333,-0.06496,7.1,472,200,432,16,18.8,0.11143,Train,,,,
26-07-2024,18.64901205,30.1208772,0.266434468,81.74257403,15.03059675,32.24925199,-0.06423,7.1,472,200,432,16,18.8,0.10971,Train,,,,
27-07-2024,0,29.75085538,1.3174275,85.53252962,14.82757513,32.18187069,-0.0635,7.1,472,200,432,16,18.8,0.108,Train,,,,
28-07-2024,0,31.46169497,2.011372061,76.28243733,18.3026245,32.11448939,-0.06277,7.1,472,200,432,16,18.8,0.10629,Train,,,,
29-07-2024,0,31.58415184,2.792208906,74.45917522,20.6260275,32.04710808,-0.06204,7.1,472,200,432,16,18.8,0.10457,Train,,,,
30-07-2024,0,32.3052962,1.776932732,73.83469025,19.5371125,31.97972678,-0.06131,7.1,472,200,432,16,18.8,0.10286,Train,,,,
31-07-2024,16.04623069,29.5370238,1.76921291,85.73779127,8.804834875,31.45244496,-0.06059,7.1,472,200,432,16,18.8,0.10114,Train,,,,
1/8/2024,0,28.02576154,1.704977779,83.42123805,9.016808625,30.92516315,-0.05986,7.1,472,200,432,16,18.8,0.09943,Train,,,,
2/8/2024,21.21787091,28.86482201,2.76312888,83.17213148,15.10001538,30.39788134,-0.05913,7.1,472,200,432,16,18.8,0.09771,Train,,,,
3/8/2024,0,29.11479467,3.54019766,78.72806279,17.59386763,29.87059953,-0.0584,7.1,472,200,432,16,18.8,0.096,Train,,,,
4/8/2024,0,29.52710431,4.185391871,75.8749962,17.20203675,29.34331772,-0.05767,7.1,472,200,432,16,18.8,0.09429,Train,,,,
5/8/2024,0,28.73816961,4.497074314,76.84083811,16.83595788,29.40863985,-0.05694,7.1,472,200,432,16,18.8,0.09257,Train,,,,
6/8/2024,0,28.44307798,3.071468765,76.22487109,13.6364215,29.47396198,-0.05621,7.1,472,200,432,16,18.8,0.09086,Train,,,,
7/8/2024,21.95685995,26.71022758,1.672279843,91.01141692,6.422562125,29.53928411,-0.05549,7.1,472,200,432,16,18.8,0.08914,Train,,,,
8/8/2024,0,28.23307889,2.756384287,82.24952691,15.86480125,29.60460624,-0.05476,7.1,472,200,432,16,18.8,0.08743,Train,,,,
9/8/2024,21.95685995,27.97336349,1.610852086,85.86312772,13.44300613,29.66992836,-0.05403,7.1,472,200,432,16,18.8,0.08571,Train,,,,
10/8/2024,20.3626014,27.73746897,1.012689006,88.52520558,13.28530338,29.73525049,-0.0533,7.1,472,200,432,16,18.8,0.084,Train,,,,
11/8/2024,12.4762612,26.88126844,1.191017776,91.38430449,7.43264575,29.80057262,-0.05257,7.1,472,200,432,16,18.8,0.08229,Train,,,,
12/8/2024,26.07742099,26.75012105,2.036805104,91.13643939,7.0729475,29.86589475,-0.05184,7.1,472,200,432,16,18.8,0.08057,Train,,,,
13-08-2024,4.794183612,26.96834145,1.782069413,91.55867025,7.36510025,29.93121688,-0.05111,7.1,472,200,432,16,18.8,0.07886,Train,,,,
14-08-2024,0,27.91960996,1.877771397,87.95608851,12.15464588,29.99653901,-0.05039,7.1,472,200,432,16,18.8,0.07714,Train,,,,
15-08-2024,0,28.6199585,2.085985052,85.67229232,16.21468063,30.06186114,-0.04966,7.1,472,200,432,16,18.8,0.07543,Train,,,,
16-08-2024,0,28.09985377,2.241726389,88.51589408,14.50984262,30.12718327,-0.04893,7.1,472,200,432,16,18.8,0.07371,Train,,,,
17-08-2024,8.776885619,28.87854602,0.80325383,83.25804454,16.43498325,30.1925054,-0.0482,7.1,472,200,432,16,18.8,0.072,Train,,,,
18-08-2024,9.486768146,29.12222315,2.017759693,81.69057395,14.38917213,30.25782752,-0.04747,7.1,472,200,432,16,18.8,0.07029,Train,,,,
19-08-2024,17.55377124,29.06124268,2.08111606,80.19105843,16.67133763,30.32314965,-0.04674,7.1,472,200,432,16,18.8,0.06857,Train,,,,
20-08-2024,18.26365372,27.9056647,0.243858294,87.40043591,11.988315,30.38847178,-0.04601,7.1,472,200,432,16,18.8,0.06686,Train,,,,
21-08-2024,12.96011508,28.88399595,0.349289912,83.61862566,18.17811325,30.45379391,-0.04529,7.1,472,200,432,16,18.8,0.06514,Train,,,,
22-08-2024,17.82865385,29.22118276,0.717329113,83.49722611,19.20751963,30.38673414,-0.04456,7.1,472,200,432,16,18.8,0.06343,Train,,,,
23-08-2024,5.046421379,28.1402743,0.492797568,85.44297221,13.02615788,30.31967438,-0.04383,7.1,472,200,432,16,18.8,0.06171,Train,,,,
24-08-2024,8.551047156,29.08281606,1.584200068,81.63664819,17.9814735,30.25261461,-0.0431,7.1,472,200,432,16,18.8,0.06,Train,,,,
25-08-2024,5.216593792,28.98757833,3.610627341,78.4508822,19.761157,30.18555484,-0.04237,7.1,472,200,432,16,18.8,0.05829,Train,,,,
26-08-2024,15.8489747,27.77345746,3.982058025,83.88444671,16.11018588,30.11849507,-0.04164,7.1,472,200,432,16,18.8,0.05657,Train,,,,
27-08-2024,17.62265003,26.93730825,3.572187293,86.64520789,13.458973,30.0514353,-0.04091,7.1,472,200,432,16,18.8,0.05486,Train,,,,
28-08-2024,17.84159136,26.83058319,2.258796404,87.97979749,14.82938163,29.98437554,-0.04019,7.1,472,200,432,16,18.8,0.05314,Train,,,,
29-08-2024,6.845930457,27.47039948,2.224269701,83.62156951,12.01765763,29.91731577,-0.03946,7.1,472,200,432,16,18.8,0.05143,Train,,,,
30-08-2024,1.543426901,28.29434102,0.189595808,84.95774132,19.97409275,29.850256,-0.03873,7.1,472,200,432,16,18.8,0.04971,Train,,,,
31-08-2024,1.931234285,29.35583267,2.023071932,78.68644088,19.80217438,29.06336927,-0.038,7.1,472,200,432,16,18.8,0.048,Train,,,,
1/9/2024,15.20197787,29.47056986,0.572462895,79.57341532,19.10615,29.02924032,-0.0375,7.4,456,180,404,12,24.5,0.0462,Train,,,,
2/9/2024,0,27.82463099,2.419982806,83.74595258,13.593884,28.99511137,-0.037,7.4,456,180,404,12,24.5,0.0444,Train,,,,
3/9/2024,30.40395574,28.4110377,1.662199258,83.5709498,16.85069163,28.96098242,-0.0365,7.4,456,180,404,12,24.5,0.0426,Train,,,,
4/9/2024,45.60593232,27.69221204,0.321969075,86.75859001,14.54063413,28.92685347,-0.036,7.4,456,180,404,12,24.5,0.0408,Train,,,,
5/9/2024,0,27.48403702,0.424743672,84.85107717,14.40128538,28.89272452,-0.0355,7.4,456,180,404,12,24.5,0.039,Train,,,,
6/9/2024,0,26.74513079,2.050534578,89.27595599,12.89216125,28.85859557,-0.035,7.4,456,180,404,12,24.5,0.0372,Train,,,,
7/9/2024,31.3131576,27.08366419,0.438429926,89.05776497,11.07134975,28.82446662,-0.0345,7.4,456,180,404,12,24.5,0.0354,Train,,,,
8/9/2024,40.45252236,28.09407578,1.332475911,83.90207045,13.94733263,28.79033767,-0.034,7.4,456,180,404,12,24.5,0.0336,Train,,,,
9/9/2024,0,28.38988012,0.636320197,84.89115815,15.7361385,28.75620872,-0.0335,7.4,456,180,404,12,24.5,0.0318,Train,,,,
10/9/2024,31.3131576,28.43320999,0.424439149,87.91247681,16.11877588,27.42178341,-0.033,7.4,456,180,404,12,24.5,0.03,Train,,,,
11/9/2024,28.12687596,27.51865603,1.476382928,87.54966797,9.461096625,26.08735811,-0.0346,7.4,456,180,404,12,24.5,0.0336,Train,,,,
12/9/2024,38.16913176,24.82782834,3.845892867,91.10604124,1.8483285,24.7529328,-0.0362,7.4,456,180,404,12,24.5,0.0372,Train,,,,
13-09-2024,12.09838384,24.69752719,1.67143571,90.73889695,3.544702125,23.4185075,-0.0378,7.4,456,180,404,12,24.5,0.0408,Train,,,,
14-09-2024,6.598222593,26.32313754,1.872154453,84.08230458,13.0689425,22.08408219,-0.0394,7.4,456,180,404,12,24.5,0.0444,Train,,,,
15-09-2024,6.926220894,26.86407433,2.399843694,78.98134653,19.4476405,24.65124875,-0.041,7.4,456,180,404,12,24.5,0.048,Train,,,,
16-09-2024,0,27.05883369,2.690540257,75.07871414,20.11779563,27.2184153,-0.0426,7.4,456,180,404,12,24.5,0.0516,Train,,,,
17-09-2024,0,27.5418443,0.691945179,78.19370756,14.543358,27.40904241,-0.0442,7.4,456,180,404,12,24.5,0.0552,Train,,,,
18-09-2024,8.77437373,24.12565002,3.15140309,88.99056225,5.62094425,27.59966953,-0.0458,7.4,456,180,404,12,24.5,0.0588,Train,,,,
19-09-2024,0,26.86963234,1.41446235,86.26237539,16.00853463,27.79029664,-0.0474,7.4,456,180,404,12,24.5,0.0624,Train,,,,
20-09-2024,0,27.48917033,1.382904695,78.94423125,17.16511388,27.98092376,-0.049,7.4,456,180,404,12,24.5,0.066,Train,,,,
21-09-2024,0,28.41091436,0.676931345,77.32323399,15.818492,28.17155087,-0.0532,7.4,456,180,404,12,24.5,0.07287,Train,,,,
22-09-2024,0,28.99737638,1.352100653,77.90064429,15.03828075,28.36217799,-0.0574,7.4,456,180,404,12,24.5,0.07973,Train,,,,
23-09-2024,0,28.95746574,1.7285824,77.8396152,20.26021825,30.40526214,-0.0616,7.4,456,180,404,12,24.5,0.0866,Train,,,,
24-09-2024,0,29.28361791,0.353938327,76.95187813,19.10059038,31.01844653,-0.0658,7.4,456,180,404,12,24.5,0.09347,Train,,,,
25-09-2024,11.52115202,28.46749776,2.890066455,83.29011277,14.740483,30.27194536,-0.07,7.4,456,180,404,12,24.5,0.10033,Train,,,,
26-09-2024,0,28.03976021,2.495511591,80.82490626,16.22609069,29.52544418,-0.0742,7.4,456,180,404,12,24.5,0.1072,Train,,,,
27-09-2024,0,26.82652245,2.766012116,79.63689247,12.96293425,28.77894301,-0.0784,7.4,456,180,404,12,24.5,0.11407,Train,,,,
28-09-2024,0,26.27351278,2.071169288,80.03001871,13.67708262,28.03244184,-0.0826,7.4,456,180,404,12,24.5,0.12093,Train,,,,
29-09-2024,0,26.58600578,0.368209413,81.63986071,16.36310663,27.28594067,-0.0868,7.4,456,180,404,12,24.5,0.1278,Train,,,,
30-09-2024,0,27.53767675,2.343641517,76.14673019,18.1387845,28.97459797,-0.091,7.4,456,180,404,12,24.5,0.13467,Train,,,,
1/10/2024,0,28.44650485,1.895651022,75.39273938,19.21340356,30.66325527,-0.0952,7.8,440,166,424,14.4,17.5,0.14153,Train,,,,
2/10/2024,3.11E-05,28.53013,2.017027155,75.29829879,20.14601394,31.47193599,-0.0994,7.8,440,166,424,14.4,17.5,0.1484,Train,,,,
3/10/2024,0.000140399,28.13892072,1.112350802,69.10722163,20.37363875,31.60458236,-0.1036,7.8,440,166,424,14.4,17.5,0.15527,Train,,,,
4/10/2024,4.16948689,28.20063553,0.656194146,72.01266169,19.96898556,30.72195941,-0.1078,7.8,440,166,424,14.4,17.5,0.16213,Train,,,,
5/10/2024,4.319253743,28.12361488,1.886286303,70.29922392,19.43592456,28.59512648,-0.112,7.8,440,166,424,14.4,17.5,0.169,Train,,,,
6/10/2024,0,27.24664523,1.755264357,69.97083829,19.39861188,31.05637002,-0.1124,7.8,440,166,424,14.4,17.5,0.1634,Train,,,,
7/10/2024,0,26.36845487,1.219574002,70.83613901,19.64216612,29.66124122,-0.1128,7.8,440,166,424,14.4,17.5,0.1578,Train,,,,
8/10/2024,0,26.55487086,0.912451546,72.12605573,18.36219996,30.73952381,-0.1132,7.8,440,166,424,14.4,17.5,0.1522,Train,,,,
9/10/2024,0,26.18690389,2.121284094,66.71090771,19.44783979,29.50291179,-0.1136,7.8,440,166,424,14.4,17.5,0.1466,Train,,,,
10/10/2024,0,25.65873235,2.62450136,58.58748333,19.49750213,29.14592506,-0.114,7.8,440,166,424,14.4,17.5,0.141,Train,,,,
11/10/2024,0,24.80613798,2.387620594,61.77510404,19.7298735,29.91448087,-0.1008,7.8,440,166,424,14.4,17.5,0.134,Test,0.116377502,0.116598036,0.136014167,0.116222709
12/10/2024,0,25.17052422,0.604780511,63.52692334,19.55354663,29.75270101,-0.0876,7.8,440,166,424,14.4,17.5,0.127,Test,0.106509166,0.106790648,0.119651828,0.115993649
13-10-2024,0,26.02800776,0.27502633,60.3846458,18.641635,29.59092116,-0.0744,7.8,440,166,424,14.4,17.5,0.12,Test,0.109747235,0.109969537,0.135542293,0.11708086
14-10-2024,0,25.07512817,1.489488469,60.37499429,19.25097325,28.44820453,-0.0612,7.8,440,166,424,14.4,17.5,0.113,Test,0.104048878,0.104291419,0.100659425,0.11800532
15-10-2024,0,24.84179268,2.166852752,60.97978462,19.050147,28.4098751,-0.048,7.8,440,166,424,14.4,17.5,0.106,Test,0.101812502,0.102038721,0.099885656,0.117773026
16-10-2024,0,25.61071676,0.207899642,61.69741304,17.9977,29.04928181,-0.0338,7.8,440,166,424,14.4,17.5,0.0992,Test,0.104594121,0.104715483,0.097064464,0.11553032
17-10-2024,0,25.71525345,1.219088382,66.53237185,17.88155,28.53082748,-0.0196,7.8,440,166,424,14.4,17.5,0.0924,Test,0.10248605,0.102604729,0.092151837,0.114297405
18-10-2024,0,25.95412598,0.903378264,66.82014235,18.498666,29.49677596,-0.0054,7.8,440,166,424,14.4,17.5,0.0856,Test,0.10241517,0.102456563,0.090969581,0.111973077
19-10-2024,0,26.68008003,0.760216542,66.38800739,18.411455,29.90826698,0.0088,7.8,440,166,424,14.4,17.5,0.0788,Test,0.104393349,0.104402307,0.094303832,0.110228345
20-10-2024,0,26.6510273,1.45999349,67.74013697,17.9424275,29.10099141,0.023,7.8,440,166,424,14.4,17.5,0.072,Test,0.102554532,0.102551513,0.080978369,0.109409705
21-10-2024,0,26.1421346,1.274834987,66.76453313,17.9390145,28.45991413,0.0152,7.8,440,166,424,14.4,17.5,0.0812,Test,0.101227352,0.101239368,0.091546847,0.107355863
22-10-2024,0,25.54684092,1.495423825,68.35945848,17.92212575,27.52328649,0.0074,7.8,440,166,424,14.4,17.5,0.0904,Test,0.09884969,0.098885503,0.089438982,0.105063811
23-10-2024,0,25.84653244,2.637836383,59.14491546,17.46860725,28.83240437,-0.0004,7.8,440,166,424,14.4,17.5,0.0996,Test,0.102764015,0.102817447,0.100948802,0.102639049
24-10-2024,0,25.41331762,2.654203862,57.86781029,18.09150175,29.35199844,-0.0082,7.8,440,166,424,14.4,17.5,0.1088,Test,0.101922035,0.101988464,0.091759136,0.099608682
25-10-2024,0,24.72281164,2.497317073,62.75813428,17.9163535,28.5526854,-0.016,7.8,440,166,424,14.4,17.5,0.118,Test,0.098711143,0.098776917,0.083430115,0.096417122
26-10-2024,0,24.51147359,1.061614438,65.92565312,17.8037645,28.26645589,-0.0112,7.8,440,166,424,14.4,17.5,0.1106,Test,0.097184515,0.097185115,0.081193072,0.093326092
27-10-2024,0,25.03776321,1.403869558,70.61829675,17.3051125,27.32213115,-0.0064,7.8,440,166,424,14.4,17.5,0.1032,Test,0.09768151,0.097660042,0.084387306,0.090847664
28-10-2024,0,25.51512998,1.986209663,69.73162425,16.765069,28.21740047,-0.0016,7.8,440,166,424,14.4,17.5,0.0958,Test,0.099651015,0.099602691,0.086625171,0.08886715
29-10-2024,0,26.1982844,1.272471655,68.87873598,16.97005525,27.65627635,0.0032,7.8,440,166,424,14.4,17.5,0.0884,Test,0.102047772,0.101960049,0.086816594,0.087432548
30-10-2024,0,26.70512861,0.695015117,63.75255261,17.078462,29.15135831,0.008,7.8,440,166,424,14.4,17.5,0.081,Test,0.105274154,0.105143705,0.096618171,0.087019116
31-10-2024,0,25.91748645,3.011835681,55.11076489,17.15227875,28.59177986,-0.0024,7.8,440,166,424,14.4,17.5,0.0726,Test,0.103929939,0.103885084,0.101283197,0.08660274
1/11/2024,0,24.85204595,2.097784839,54.61431187,17.39837125,27.70494145,-0.0128,7.2,336,180,344,15.2,20.1,0.0642,Test,0.101248174,0.100914271,0.102580603,0.085285991
2/11/2024,0,24.11327578,0.484636084,58.70126993,17.09676825,26.81810304,-0.0232,7.2,336,180,344,15.2,20.1,0.0558,Test,0.098616764,0.09825608,0.093208948,0.083815068
3/11/2024,0,23.87989133,0.796909722,61.066092,16.70881075,26.01839969,-0.0336,7.2,336,180,344,15.2,20.1,0.0474,Test,0.097855002,0.097515765,0.092300019,0.083840474
4/11/2024,0,23.40633227,0.483564903,64.80407412,16.6989785,25.21869633,-0.044,7.2,336,180,344,15.2,20.1,0.039,Test,0.095923856,0.095592596,0.091354576,0.085019626
5/11/2024,0,23.6544548,1.359823718,69.68070433,16.208394,25.89626073,0.001,7.2,336,180,344,15.2,20.1,0.0618,Test,0.092414344,0.091999448,0.104462655,0.086732097
6/11/2024,0,24.12736727,0.224141439,69.62617857,15.92004875,25.17800937,0.046,7.2,336,180,344,15.2,20.1,0.0846,Test,0.090776931,0.090232211,0.087077593,0.087725714
7/11/2024,0,24.21944199,0.900287823,70.42924563,15.1606585,24.96319282,0.091,7.2,336,180,344,15.2,20.1,0.1074,Test,0.087311457,0.086689792,0.093944888,0.089092024
8/11/2024,0,24.42112503,1.250728595,70.04195091,15.1645855,22.28976581,0.136,7.2,336,180,344,15.2,20.1,0.1302,Test,0.083547291,0.082858532,0.097686556,0.088928603
9/11/2024,0,24.46507924,1.812282971,69.68877608,13.91046725,24.86595628,0.181,7.2,336,180,344,15.2,20.1,0.153,Test,0.081228752,0.080431462,0.09971303,0.087278694
10/11/2024,0,24.82079023,1.172993131,70.66057855,15.4063495,25.51741608,0.1472,7.2,336,180,344,15.2,20.1,0.1322,Test,0.085084884,0.08439648,0.101279979,0.08351469
11/11/2024,0,24.25841103,0.957165108,73.08673041,14.29228075,25.11626073,0.1134,7.2,336,180,344,15.2,20.1,0.1114,Test,0.085426216,0.08482553,0.096763765,0.080600441
12/11/2024,0,23.95398801,0.980634594,64.9347516,15.37886775,26.46934426,0.0796,7.2,336,180,344,15.2,20.1,0.0906,Test,0.088695174,0.088173494,0.092747944,0.078395054
13-11-2024,0,22.26657893,1.401523139,71.63688425,15.494659,21.69,0.0458,7.2,336,180,344,15.2,20.1,0.0698,Test,0.081775703,0.08138416,0.102407852,0.07630682
14-11-2024,0,22.07847366,0.864140056,71.19810631,15.30388075,22.88690867,0.012,7.2,336,180,344,15.2,20.1,0.049,Test,0.084470493,0.084132675,0.101928613,0.073409662
15-11-2024,0,21.88207715,1.885979448,69.24310488,15.17001675,24.444395,0.0049,7.2,336,180,344,15.2,20.1,0.0488,Test,0.084950698,0.084644766,0.099654621,0.072499767
16-11-2024,0,21.75129979,2.12518677,68.73741965,15.26147875,22.80993755,-0.0022,7.2,336,180,344,15.2,20.1,0.0486,Test,0.084486084,0.084215813,0.093746702,0.070921183
17-11-2024,0,20.81948115,2.621235737,71.46708629,14.4773385,23.0595082,-0.0093,7.2,336,180,344,15.2,20.1,0.0484,Test,0.081068021,0.080821643,0.089831065,0.068111546
18-11-2024,0,19.31749051,2.275689662,71.08962793,14.55285525,21.78074543,-0.0164,7.2,336,180,344,15.2,20.1,0.0482,Test,0.075479661,0.075254703,0.08577429,0.065119848
19-11-2024,0,18.65548541,2.128348945,66.12671008,15.49142175,20.50198267,-0.0235,7.2,336,180,344,15.2,20.1,0.048,Test,0.073768771,0.073575492,0.081587054,0.062065758
20-11-2024,0,18.55473417,1.607347672,63.52175872,15.55040225,21.78444184,-0.0306,7.2,336,180,344,15.2,20.1,0.0478,Test,0.075010218,0.07481077,0.078972036,0.060224168
21-11-2024,0,18.40999184,1.599048004,62.20106761,15.4744085,20.24323966,-0.0377,7.2,336,180,344,15.2,20.1,0.0476,Test,0.074802616,0.07462998,0.079235287,0.058663521
22-11-2024,0,19.43155886,0.732202739,64.66475086,15.0973455,21.09626073,-0.0448,7.2,336,180,344,15.2,20.1,0.0474,Test,0.079524657,0.079332721,0.085149721,0.058327436
23-11-2024,0,19.86339722,1.258386518,64.94396683,14.76383525,21.09320062,-0.0519,7.2,336,180,344,15.2,20.1,0.0472,Test,0.08170505,0.081539325,0.090503334,0.059674401
24-11-2024,0,20.27502975,2.425008341,58.99535474,14.853833,21.09014052,-0.059,7.2,336,180,344,15.2,20.1,0.047,Test,0.084740543,0.084621634,0.086498376,0.061897196
25-11-2024,0,19.37090391,2.593163504,67.23337374,14.79019725,21.08125683,-0.0528,7.2,336,180,344,15.2,20.1,0.0414,Test,0.079026105,0.078900398,0.091619472,0.062448267
26-11-2024,0,18.32185135,2.411846011,62.10053147,14.9224865,21.07237315,-0.0466,7.2,336,180,344,15.2,20.1,0.0358,Test,0.075433795,0.075292977,0.083414254,0.062404886
27-11-2024,0,18.41519953,1.359019568,59.83671051,14.9907305,21.81163934,-0.0404,7.2,336,180,344,15.2,20.1,0.0302,Test,0.076246282,0.076057794,0.081379481,0.061545569
28-11-2024,0,17.94062703,1.188430165,62.20085336,14.97409525,20.58545667,-0.0342,7.2,336,180,344,15.2,20.1,0.0246,Test,0.073058912,0.072861837,0.076878772,0.061941218
29-11-2024,0,17.36912181,1.067824233,66.21655234,14.748164,20.5510929,-0.028,7.2,336,180,344,15.2,20.1,0.019,Test,0.069608241,0.069393915,0.079375201,0.062274385
30-11-2024,0,17.38146871,1.928267869,63.68965058,14.556057,20.39505855,-0.0362,7.2,336,180,344,15.2,20.1,0.0172,Test,0.070607978,0.070434782,0.077986896,0.063150004
1/12/2024,0.559457193,17.81234449,2.019855498,65.44161317,14.26001225,20.2390242,-0.0444,6.7,408,133,448,16.8,12.2,0.0154,Test,0.068400436,0.068231569,0.07670654,0.063363858
2/12/2024,0,18.18895429,2.091735287,63.87823437,14.47143775,21.64245902,-0.0526,6.7,408,133,448,16.8,12.2,0.0136,Test,0.071219345,0.071062055,0.081497222,0.063958235
3/12/2024,0,18.45342534,2.535292597,58.0640722,14.419772,20.66953162,-0.0608,6.7,408,133,448,16.8,12.2,0.0118,Test,0.073658584,0.073537314,0.075312807,0.064594463
4/12/2024,0,18.49782842,3.452106403,53.33939201,14.48170125,20.68503513,-0.069,6.7,408,133,448,16.8,12.2,0.01,Test,0.075181715,0.075103907,0.070654987,0.06451907
5/12/2024,0,16.54975344,3.011856711,48.03980814,14.81679775,19.81156128,-0.0639,6.7,408,133,448,16.8,12.2,0.0152,Test,0.067907575,0.067820922,0.068381773,0.062965639
6/12/2024,0,16.13664525,2.729800232,55.74751807,14.6575025,18.93808743,-0.0588,6.7,408,133,448,16.8,12.2,0.0204,Test,0.064178461,0.064079186,0.06811315,0.061034545
7/12/2024,0,15.06152051,0.726357276,56.64263579,14.617648,19.42160031,-0.0537,6.7,408,133,448,16.8,12.2,0.0256,Test,0.060073765,0.059908423,0.066916818,0.058796391
8/12/2024,8.588572562,15.89150009,2.904530113,57.1372727,13.187844,16.86765348,-0.0486,6.7,408,133,448,16.8,12.2,0.0308,Test,0.062008169,0.061890735,0.067652274,0.058769923
9/12/2024,0,14.52404048,1.020746845,60.60190576,14.09804625,17.14845433,-0.0435,6.7,408,133,448,16.8,12.2,0.036,Test,0.055690106,0.055522609,0.063261141,0.057655025
10/12/2024,0,13.77822393,3.235969258,48.25413903,14.583378,15.52753903,-0.0518,6.7,408,133,448,16.8,12.2,0.0338,Test,0.054623271,0.054551515,0.064475815,0.05794397
11/12/2024,0,13.216141,2.90979761,45.98336065,14.81470475,15.95577674,-0.0601,6.7,408,133,448,16.8,12.2,0.0316,Test,0.053699994,0.053639122,0.069925539,0.056442771
12/12/2024,0,13.75454165,3.063061328,53.06750812,14.694379,17.32558158,-0.0684,6.7,408,133,448,16.8,12.2,0.0294,Test,0.055524079,0.055474548,0.06428114,0.053942557
13-12-2024,0,14.26379293,3.971357707,44.80593217,14.83281975,16.36367681,-0.0767,6.7,408,133,448,16.8,12.2,0.0272,Test,0.059237777,0.059237646,0.069538247,0.051507685
14-12-2024,0,13.62794584,3.13110781,48.63173396,14.6907225,16.28131928,-0.085,6.7,408,133,448,16.8,12.2,0.025,Test,0.056899844,0.056897836,0.067519923,0.048516627
15-12-2024,0,12.61407305,1.485311475,59.11038153,14.732421,15.80493365,-0.0688,6.7,408,133,448,16.8,12.2,0.0294,Test,0.04978982,0.049714043,0.060979764,0.046416625
16-12-2024,0,12.72347158,1.471840258,65.13643767,14.63085075,15.32854801,-0.0526,6.7,408,133,448,16.8,12.2,0.0338,Test,0.047581961,0.047471151,0.070724649,0.046339341
17-12-2024,0,13.68841197,1.018516871,68.01495251,14.43601425,18.17059347,-0.0364,6.7,408,133,448,16.8,12.2,0.0382,Test,0.050591234,0.050406138,0.062416408,0.047186282
18-12-2024,0,13.57406069,1.284274361,67.46604946,14.46832525,14.95795136,-0.0202,6.7,408,133,448,16.8,12.2,0.0426,Test,0.047798147,0.047606405,0.067715392,0.049319457
19-12-2024,0,13.63313955,1.836857134,68.51174174,14.207861,15.44351324,-0.004,6.7,408,133,448,16.8,12.2,0.047,Test,0.046600706,0.046380528,0.070894799,0.051748481
20-12-2024,8.700439682,14.79923147,1.735396755,69.09310929,12.70644375,15.92907512,-0.00572,6.7,408,133,448,16.8,12.2,0.04708,Test,0.052018124,0.051776959,0.075652848,0.053222127
21-12-2024,0,14.78674914,1.939036288,67.25213484,14.16553225,16.414637,-0.00744,6.7,408,133,448,16.8,12.2,0.04716,Test,0.051958852,0.05173841,0.071842882,0.054115504
22-12-2024,0,15.44508324,1.306198823,64.96947041,14.13110525,16.48024512,-0.00916,6.7,408,133,448,16.8,12.2,0.04724,Test,0.055333773,0.055097323,0.071685277,0.05366993
23-12-2024,5.207392842,13.88004964,2.419821291,72.59370471,8.2432975,16.54585324,-0.01088,6.7,408,133,448,16.8,12.2,0.04732,Test,0.049518639,0.049266402,0.072987209,0.055453829
24-12-2024,0,15.62152952,1.577865917,71.84844458,12.059728,16.61146136,-0.0126,6.7,408,133,448,16.8,12.2,0.0474,Test,0.055567861,0.055326886,0.076100725,0.053916972
25-12-2024,0,15.15447197,1.835632527,72.96402887,13.555548,16.67706948,-0.01432,6.7,408,133,448,16.8,12.2,0.04748,Test,0.053131449,0.052916036,0.075609676,0.0537038
26-12-2024,0,16.10806236,0.915357954,68.07165191,14.04788625,16.7426776,-0.01604,6.7,408,133,448,16.8,12.2,0.04756,Test,0.058091281,0.057855817,0.072782935,0.053281125
27-12-2024,7.84413741,14.59915187,2.349061936,87.00344341,3.8754945,16.58942953,-0.01776,6.7,408,133,448,16.8,12.2,0.04764,Test,0.051502831,0.051223031,0.079635019,0.054005578
28-12-2024,0,15.06730296,0.991542277,90.75730795,3.366772,16.43618147,-0.01948,6.7,408,133,448,16.8,12.2,0.04772,Test,0.053060891,0.052745398,0.077286199,0.052940585
29-12-2024,0,13.56522013,2.722800647,85.73032295,11.807291,16.28293341,-0.0212,6.7,408,133,448,16.8,12.2,0.0478,Test,0.045113577,0.044930666,0.074988344,0.051544875
30-12-2024,0,11.53279711,2.428469324,85.68755877,12.90584425,16.12968534,-0.02292,6.7,408,133,448,16.8,12.2,0.04788,Test,0.036972282,0.0368027,0.076866702,0.048828971
31-12-2024,0,10.03424479,1.451344583,88.79546941,9.9032725,15.97643728,-0.02464,6.7,408,133,448,16.8,12.2,0.04796,Test,0.031784877,0.031571572,0.076948341,0.046359047
1/1/2025,0,11.17692909,2.469301934,80.15241761,14.392587,15.82318922,-0.02636,6.6,400,150,416,12.8,13.1,0.04804,Test,0.039398218,0.039215248,0.070209615,0.044372797
2/1/2025,0,12.14867999,2.389387612,79.90774873,14.078855,15.66994115,-0.02808,6.6,400,150,416,12.8,13.1,0.04812,Test,0.043466829,0.043280944,0.073369885,0.042547919
3/1/2025,5.852124314,12.87518336,1.844308335,78.43453394,13.64035275,15.51669309,-0.0298,6.6,400,150,416,12.8,13.1,0.0482,Test,0.047087186,0.046884328,0.071831903,0.041213188
4/1/2025,0,13.25856171,1.523895211,83.4505011,14.6216465,15.36344502,-0.03152,6.6,400,150,416,12.8,13.1,0.04828,Test,0.047348128,0.047151007,0.069947622,0.040898971
5/1/2025,0,12.07864278,2.338292887,87.72941837,11.26418225,15.21019696,-0.03324,6.6,400,150,416,12.8,13.1,0.04836,Test,0.042815135,0.042618304,0.076517336,0.040819343
6/1/2025,6.358606607,12.80568403,1.215749208,85.22821541,9.9406365,15.0569489,-0.03496,6.6,400,150,416,12.8,13.1,0.04844,Test,0.047086343,0.046848784,0.071737198,0.039865445
7/1/2025,0,13.17354164,3.394504355,81.17841983,13.81410225,14.90370083,-0.03668,6.6,400,150,416,12.8,13.1,0.04852,Test,0.047496892,0.04735789,0.070295031,0.040962495
8/1/2025,0,12.43150101,2.812141755,69.05955802,14.9167485,14.75045277,-0.0384,6.6,400,150,416,12.8,13.1,0.0486,Test,0.046891462,0.046753127,0.068575532,0.03962082
9/1/2025,0,11.77686208,0.827723399,72.47894604,14.992088,15.20396072,-0.04012,6.6,400,150,416,12.8,13.1,0.04868,Test,0.044435799,0.044247865,0.068514186,0.038165253
10/1/2025,0,11.43414841,1.913478894,78.70877399,14.8442605,15.04990458,-0.04184,6.6,400,150,416,12.8,13.1,0.04876,Test,0.041701528,0.041548052,0.070480737,0.038058612
11/1/2025,0,13.03404897,2.626744114,79.85745862,11.866501,14.89584843,-0.04356,6.6,400,150,416,12.8,13.1,0.04884,Test,0.048593822,0.048432679,0.072729042,0.040033232
12/1/2025,0,13.29268545,0.722764374,87.02245205,9.499195,14.74179229,-0.04528,6.6,400,150,416,12.8,13.1,0.04892,Test,0.049530449,0.049301508,0.070974825,0.040399574
13-01-2025,0,13.51731644,2.660740495,81.14581243,14.962556,14.58773614,-0.047,6.6,400,150,416,12.8,13.1,0.049,Test,0.049414681,0.04929144,0.072131597,0.041758295
14-01-2025,0,12.8415727,0.686243178,81.32796134,15.31652075,14.57199454,-0.0466,6.6,400,150,416,12.8,13.1,0.0482,Test,0.047102265,0.046930481,0.069492056,0.042327501
15-01-2025,0,13.11989555,1.558112613,83.09199304,11.097019,14.55625293,-0.0462,6.6,400,150,416,12.8,13.1,0.0474,Test,0.048918284,0.048729966,0.072858572,0.044454735
16-01-2025,5.696892172,13.82693825,1.053703037,80.00877636,12.14214975,14.54051132,-0.0458,6.6,400,150,416,12.8,13.1,0.0466,Test,0.052169099,0.051972496,0.071552208,0.045880113
17-01-2025,0,12.85472323,2.668540968,79.09333812,15.72363925,14.52476971,-0.0454,6.6,400,150,416,12.8,13.1,0.0458,Test,0.046830214,0.046712712,0.070306678,0.047436472
18-01-2025,0,11.1509758,1.260377371,83.85655161,12.32484075,13.77964871,-0.045,6.6,400,150,416,12.8,13.1,0.045,Test,0.040382679,0.040206378,0.073712065,0.04785917
19-01-2025,0,15.39759471,1.410371172,81.24238995,15.196631,16.32088212,-0.0446,6.6,400,150,416,12.8,13.1,0.0442,Test,0.057397619,0.057219313,0.070407833,0.047946025
20-01-2025,0,16.33469925,3.091936404,79.71105048,15.56776925,18.01190476,-0.0442,6.6,400,150,416,12.8,13.1,0.0434,Test,0.061335231,0.061189479,0.075850578,0.049579926
21-01-2025,0,15.6803496,2.965498854,73.01705351,15.8064605,17.88851678,-0.0438,6.6,400,150,416,12.8,13.1,0.0426,Test,0.059986247,0.059840638,0.073631937,0.050123345
22-01-2025,0,16.50440051,1.877220161,70.84464718,15.94301875,17.76512881,-0.0434,6.6,400,150,416,12.8,13.1,0.0418,Test,0.063820555,0.063644236,0.072547328,0.050163377
23-01-2025,0,15.84133492,2.859233259,65.71686,15.30111575,19.46701068,-0.043,6.6,400,150,416,12.8,13.1,0.041,Test,0.062712727,0.062545409,0.07228414,0.050499961
24-01-2025,0,14.85782712,3.511366992,60.04413254,16.473202,17.05571429,-0.0412,6.6,400,150,416,12.8,13.1,0.034,Test,0.058500511,0.058376966,0.060916292,0.049434967
25-01-2025,0,13.99843051,3.226271215,57.69488492,16.911509,17.26960968,-0.0394,6.6,400,150,416,12.8,13.1,0.027,Test,0.055458847,0.055328364,0.060095282,0.047971975
26-01-2025,0,13.05037969,2.546466558,63.18164982,17.13000525,16.62948276,-0.0376,6.6,400,150,416,12.8,13.1,0.02,Test,0.050404619,0.050261651,0.066631468,0.046867065
27-01-2025,0,12.94276772,2.42160333,65.87517291,17.15337925,16.59248244,-0.0358,6.6,400,150,416,12.8,13.1,0.013,Test,0.049314036,0.049164603,0.066596272,0.045826152
28-01-2025,0,13.51993968,0.330317376,67.30354015,17.16528575,17.86453682,-0.034,6.6,400,150,416,12.8,13.1,0.006,Test,0.05211465,0.051894294,0.068317833,0.045565631
29-01-2025,0,15.11848729,2.811702059,69.84056605,16.62631775,16.30794776,-0.0356,6.6,400,150,416,12.8,13.1,0.0092,Test,0.057008838,0.056860396,0.066198093,0.046943206
30-01-2025,0,16.46560122,2.127176389,74.30334246,16.563516,17.37593286,-0.0372,6.6,400,150,416,12.8,13.1,0.0124,Test,0.062084335,0.061909291,0.07019693,0.048297863
31-01-2025,0,16.89439926,1.153062675,73.19030236,16.55444475,17.89475936,-0.0388,6.6,400,150,416,12.8,13.1,0.0156,Test,0.064548369,0.064345664,0.071959652,0.049837999
1/2/2025,0,17.79299062,0.942465481,74.7625242,15.886692,17.75034699,-0.0404,6.6,368,160,380,10,10.3,0.0188,Test,0.070841932,0.07058467,0.083417239,0.052583057
2/2/2025,0,16.93055178,2.883819826,69.48241856,16.782542,17.60593462,-0.042,6.6,368,160,380,10,10.3,0.022,Test,0.067794231,0.067604145,0.074774763,0.055972133
3/2/2025,0,15.97717183,1.539193428,62.70089844,17.64309925,17.46152225,-0.0466,6.6,368,160,380,10,10.3,0.024,Test,0.065814732,0.065610317,0.070057013,0.056948531
4/2/2025,0,16.78526967,1.298713235,73.23485478,11.16980475,17.94437158,-0.0512,6.6,368,160,380,10,10.3,0.026,Test,0.069546231,0.069281989,0.092015527,0.058939438
5/2/2025,0,15.57317441,3.306015905,59.79282409,17.88514075,18.42722092,-0.0558,6.6,368,160,380,10,10.3,0.028,Test,0.06532972,0.065190235,0.074050374,0.060378484
6/2/2025,0.143716734,15.32429148,4.327208937,48.06634597,18.40943638,18.60522248,-0.0604,6.6,368,160,380,10,10.3,0.03,Test,0.06668443,0.066586187,0.073677061,0.059502661
7/2/2025,1.392335969,14.99198367,4.111980803,48.21581053,18.387516,18.90528493,-0.065,6.6,368,160,380,10,10.3,0.032,Test,0.065911262,0.065816292,0.073083351,0.057323489
8/2/2025,0,15.89333496,3.192808612,53.172519,18.0843485,17.96906323,-0.0676,6.6,368,160,380,10,10.3,0.0412,Test,0.068677175,0.068565394,0.071680584,0.054709435
9/2/2025,0.707131073,16.28028005,2.167162862,58.64601156,18.1922055,19.43296643,-0.0702,6.6,368,160,380,10,10.3,0.0504,Test,0.070047938,0.069904296,0.073788652,0.052663449
10/2/2025,0.3694843,17.14842885,1.538902792,60.49881911,17.23953725,19.94881343,-0.0728,6.6,368,160,380,10,10.3,0.0596,Test,0.073927487,0.073758187,0.076694011,0.052272361
11/2/2025,0,18.57648176,1.580595877,60.46649906,18.19459788,21.47059329,-0.0754,6.6,368,160,380,10,10.3,0.0688,Test,0.07992153,0.079752898,0.071386935,0.053783506
12/2/2025,0,18.00943464,3.904394912,45.94718163,18.71337825,20.3791413,-0.078,6.6,368,160,380,10,10.3,0.078,Test,0.079658667,0.079571423,0.076166265,0.05560473
13-02-2025,0,17.47213961,4.412197203,39.48535655,19.18800925,19.28768931,-0.0731,6.6,368,160,380,10,10.3,0.07505,Test,0.077794957,0.077723251,0.081765268,0.057102971
14-02-2025,0,17.92872391,3.5700873,42.07895246,18.6838835,20.62937549,-0.0682,6.6,368,160,380,10,10.3,0.0721,Test,0.079495286,0.079374325,0.072585774,0.056443959
15-02-2025,0,17.66766192,1.332713836,53.76966402,18.1437015,21.43664325,-0.0633,6.6,368,160,380,10,10.3,0.06915,Test,0.07677815,0.076576924,0.075640103,0.055376653
16-02-2025,0,18.46158371,1.266302895,58.84370623,17.21255075,22.24391101,-0.0584,6.6,368,160,380,10,10.3,0.0662,Test,0.079062214,0.078831686,0.075886082,0.056839552
17-02-2025,0,19.14262797,1.387661996,57.06853874,19.05145725,20.51002181,-0.0535,6.6,368,160,380,10,10.3,0.06325,Test,0.080498506,0.080286873,0.076580806,0.06067054
18-02-2025,0,18.99506594,2.271224221,53.62895745,18.35667488,19.62177098,-0.0486,6.6,368,160,380,10,10.3,0.0603,Test,0.079901196,0.079702164,0.071415529,0.064221807
19-02-2025,0,19.33353767,0.879511183,52.33556149,16.91802788,18.73352015,-0.0437,6.6,368,160,380,10,10.3,0.05735,Test,0.081622218,0.081366619,0.074470165,0.067864485
20-02-2025,0,18.54006602,3.079464765,70.99037087,15.3493745,17.84526932,-0.0388,6.6,368,160,380,10,10.3,0.0544,Test,0.074026966,0.073815237,0.085530122,0.071542092
21-02-2025,0,18.52317899,1.512093569,69.08567231,18.47964763,22.67977361,-0.0339,6.6,368,160,380,10,10.3,0.05145,Test,0.074948388,0.074677118,0.071656043,0.072815068
22-02-2025,0,17.6261898,2.960855026,66.29906996,19.19903188,18.98381733,-0.029,6.6,368,160,380,10,10.3,0.0485,Test,0.069759929,0.069551727,0.074468857,0.075083219
23-02-2025,0,17.90354309,1.992941529,63.41239418,20.01732863,21.79924278,-0.0265,6.6,368,160,380,10,10.3,0.04755,Test,0.072139458,0.071885737,0.077815032,0.075236872
24-02-2025,0,18.08924192,1.826712461,62.19274846,20.25671988,22.74948478,-0.024,6.6,368,160,380,10,10.3,0.0466,Test,0.073186923,0.072917693,0.077656428,0.075349979
25-02-2025,0,19.37094905,0.982629861,62.47535086,17.935472,22.13893052,-0.0215,6.6,368,160,380,10,10.3,0.04565,Test,0.078714499,0.078396189,0.073137117,0.075703241
26-02-2025,0.232244651,22.02560132,1.543398696,63.63853097,17.39531763,22.43948634,-0.019,6.6,368,160,380,10,10.3,0.0447,Test,0.088812696,0.088488616,0.079089958,0.076542735
27-02-2025,0.180240854,20.68365377,2.503533827,63.10895983,9.724705875,22.74004215,-0.0165,6.6,368,160,380,10,10.3,0.04375,Test,0.085742198,0.085370133,0.096205519,0.078291804
28-02-2025,9.004344205,20.12304331,2.509988654,72.8017238,13.44123388,23.04059797,-0.014,6.6,368,160,380,10,10.3,0.0428,Test,0.080485029,0.080140023,0.09896616,0.077737063
1/3/2025,0,19.77933718,1.409144031,78.07503763,16.21180338,23.34115379,-0.0115,7.6,272,120,384,11.6,13,0.04185,Test,0.078720956,0.078531916,0.079177362,0.075780965
2/3/2025,0,18.50643247,2.827853937,56.76811335,21.29298688,23.6417096,-0.009,7.6,272,120,384,11.6,13,0.0409,Test,0.075870303,0.075759761,0.074644293,0.074042924
3/3/2025,0,20.23348897,0.507387352,51.54386601,20.92196168,23.30959407,-0.0065,7.6,272,120,384,11.6,13,0.03995,Test,0.084100522,0.083915201,0.081859301,0.072409868
4/3/2025,0,19.0790109,4.361013233,49.39247081,21.42450954,21.81049961,-0.004,7.6,272,120,384,11.6,13,0.039,Test,0.078125437,0.078056455,0.082357347,0.073017344
5/3/2025,0,17.74226023,5.932908839,36.12567702,22.49887272,20.81526151,-0.0128,7.6,272,120,384,11.6,13,0.0564,Test,0.075154065,0.075167389,0.075790192,0.072069004
6/3/2025,0,18.36731809,3.196255658,44.47472755,22.34855944,22.15705699,-0.0216,7.6,272,120,384,11.6,13,0.0738,Test,0.077873071,0.077821053,0.075282338,0.068431944
7/3/2025,0,19.03391355,2.364225978,50.49006547,22.10620931,23.17098361,-0.0304,7.6,272,120,384,11.6,13,0.0912,Test,0.080635984,0.08057095,0.068011481,0.068663575
8/3/2025,0,20.7059653,1.729974385,48.94084985,22.41020444,24.27340359,-0.0392,7.6,272,120,384,11.6,13,0.1086,Test,0.088647829,0.088575728,0.073529007,0.069137827
9/3/2025,0,22.45831642,2.401935734,49.51762706,21.90612713,24.20497268,-0.048,7.6,272,120,384,11.6,13,0.126,Test,0.096077946,0.096034806,0.074115165,0.072738729
10/3/2025,0,23.26650963,2.668841475,53.34953937,21.19867481,23.85676034,-0.0574,7.6,272,120,384,11.6,13,0.128,Test,0.099288297,0.099267916,0.087644541,0.076070979
11/3/2025,0,24.42150269,1.386322556,55.62721878,21.09074663,25.93104452,-0.0668,7.6,272,120,384,11.6,13,0.13,Test,0.105183252,0.105130978,0.092961468,0.079347551
12/3/2025,11.07427122,24.65829557,2.90803686,51.04310395,21.86589038,26.97679157,-0.0762,7.6,272,120,384,11.6,13,0.132,Test,0.107681228,0.107687937,0.09978924,0.084133267
13-03-2025,0,23.34943161,1.403196409,60.94761528,21.36561669,27.76368462,-0.0856,7.6,272,120,384,11.6,13,0.134,Test,0.101961194,0.101945827,0.096869048,0.088607103
14-03-2025,0,24.19860802,0.922240095,56.92887612,20.90532663,28.55057767,-0.095,7.6,272,120,384,11.6,13,0.136,Test,0.10738663,0.10736727,0.111006752,0.096105017
15-03-2025,0,23.96935425,2.113557628,51.53811529,21.04580806,19.28103448,-0.0676,7.6,272,120,384,11.6,13,0.1282,Test,0.101924847,0.101942094,0.084544278,0.104731932
16-03-2025,0,22.1350736,2.369889251,52.58370221,21.400321,27.05490242,-0.0402,7.6,272,120,384,11.6,13,0.1204,Test,0.094673205,0.094587489,0.084646732,0.108759932
17-03-2025,0,21.36014455,2.867761316,47.96276332,22.06814213,25.29494926,-0.0128,7.6,272,120,384,11.6,13,0.1126,Test,0.089403607,0.089288717,0.074287133,0.110756896
18-03-2025,0,21.90599276,2.681365281,46.32856631,23.66436794,26.81430913,0.0146,7.6,272,120,384,11.6,13,0.1048,Test,0.089680822,0.089499652,0.087781364,0.109651417
19-03-2025,0,22.64169655,2.135532775,43.60758929,23.33568375,29.01223263,0.042,7.6,272,120,384,11.6,13,0.097,Test,0.091850249,0.091570085,0.092063687,0.110306397
20-03-2025,0,23.78172518,2.315136472,37.628251,22.77045696,29.09435597,0.0364,7.6,272,120,384,11.6,13,0.099,Test,0.098123622,0.097851474,0.102686965,0.111496009
21-03-2025,0,23.31684647,2.96371387,36.35292538,23.94464713,28.25252927,0.0308,7.6,272,120,384,11.6,13,0.101,Test,0.096187504,0.095963699,0.098296987,0.111283563
22-03-2025,0,23.38213628,1.129448478,36.40297421,22.99463738,27.94356753,0.0252,7.6,272,120,384,11.6,13,0.103,Test,0.097576096,0.097309299,0.09808066,0.110439822
23-03-2025,0,23.79051615,0.388774012,40.789565,24.32440488,29.0087822,0.0196,7.6,272,120,384,11.6,13,0.105,Test,0.098882285,0.098612149,0.092875008,0.110676222
24-03-2025,0,24.45168839,0.750198105,41.40648341,24.30248125,29.34617486,0.014,7.6,272,120,384,11.6,13,0.107,Test,0.101828816,0.101576731,0.085653665,0.11366155
25-03-2025,0,26.17387924,0.540094679,41.11890833,24.34054188,30.07605777,0.01057,7.6,272,120,384,11.6,13,0.107,Test,0.109199466,0.108939523,0.105366525,0.118080966
26-03-2025,0,28.09380938,0.360819679,34.46296985,24.49751575,30.26277908,0.00714,7.6,272,120,384,11.6,13,0.107,Test,0.118387594,0.118124436,0.102820807,0.122567423
27-03-2025,0,27.71663373,2.553653325,34.27615669,23.3519735,30.44950039,0.00371,7.6,272,120,384,11.6,13,0.107,Test,0.117070418,0.116863411,0.107136678,0.12938872
28-03-2025,0,24.32242419,4.623224223,24.32437064,25.5101475,29.75716628,0.00029,7.6,272,120,384,11.6,13,0.107,Test,0.104559074,0.104449577,0.091442981,0.132636711
29-03-2025,0,22.5226106,4.487407157,23.23776688,22.28334988,24.54364621,-0.00314,7.6,272,120,384,11.6,13,0.107,Test,0.097349222,0.097257219,0.080004357,0.132474869
30-03-2025,0,23.29333585,3.675657523,25.99289776,25.744156,27.41747853,-0.00657,7.6,272,120,384,11.6,13,0.107,Test,0.100158227,0.10006122,0.087405636,0.130675435
31-03-2025,0,24.83340988,3.31147809,25.81790527,25.87632463,28.44822795,-0.01,7.6,272,120,384,11.6,13,0.107,Test,0.106902321,0.106792588,0.090117277,0.12912938
1/4/2025,0,24.90379486,3.226583284,24.82870151,26.10264113,29.47897736,-0.006,7.1,664,210,508,16.4,12.8,0.09733,Test,0.097800526,0.097948694,0.109642012,0.128660336
2/4/2025,0,25.36257515,2.426491587,28.91581949,26.0903835,30.26163154,-0.002,7.1,664,210,508,16.4,12.8,0.08767,Test,0.09893385,0.099044568,0.116091478,0.126698777
3/4/2025,0,27.3163976,0.902037952,24.72113083,25.367755,31.25654176,0.002,7.1,664,210,508,16.4,12.8,0.078,Test,0.108063554,0.108104122,0.120308288,0.125035897
4/4/2025,0,27.77977905,2.736790919,26.08165414,25.66139438,31.36558158,0.0016,7.1,664,210,508,16.4,12.8,0.0834,Test,0.109097917,0.109189289,0.119805977,0.125717431
5/4/2025,0,27.25199661,3.054301063,27.4328953,25.97596738,31.44462139,0.0012,7.1,664,210,508,16.4,12.8,0.0888,Test,0.106634278,0.106739118,0.118683866,0.125924498
6/4/2025,0,28.70709127,1.020411801,29.74766564,25.84838838,31.5236612,0.0008,7.1,664,210,508,16.4,12.8,0.0942,Test,0.112515968,0.112561169,0.118328897,0.124006897
7/4/2025,0,30.00412521,2.142994543,31.52242161,25.50346425,32.12074161,0.0004,7.1,664,210,508,16.4,12.8,0.0996,Test,0.117288546,0.117353624,0.119107037,0.123198465
8/4/2025,0,30.91837781,3.100188985,31.57621749,25.388686,30.9520765,0,7.1,664,210,508,16.4,12.8,0.105,Test,0.120293,0.120389245,0.11792447,0.122674398
9/4/2025,0,30.66631915,1.73147963,38.24428301,24.17724913,31.20729899,-0.0178,7.1,664,210,508,16.4,12.8,0.1022,Test,0.120258305,0.120347305,0.119231556,0.120645605
10/4/2025,2.106549571,29.25269343,1.676448228,47.84402513,22.22984825,29.57388448,-0.0356,7.1,664,210,508,16.4,12.8,0.0994,Test,0.114390545,0.114517768,0.111884678,0.118965469
11/4/2025,3.902961845,27.30294062,3.188689562,56.37537758,22.75283763,27.94046997,-0.0534,7.1,664,210,508,16.4,12.8,0.0966,Test,0.105425477,0.105657114,0.123857306,0.119304091
12/4/2025,0,26.53742561,1.58242264,53.31255539,24.09283225,27.01231069,-0.0712,7.1,664,210,508,16.4,12.8,0.0938,Test,0.104104282,0.104355427,0.124537546,0.118434027
13-04-2025,0,27.96085192,0.94264746,44.29614413,22.95079463,30.74130367,-0.089,7.1,664,210,508,16.4,12.8,0.091,Test,0.11468458,0.114917409,0.130919233,0.119310841
14-04-2025,0,29.24217504,2.53243402,38.72728253,25.62784313,31.07508977,-0.0758,7.1,664,210,508,16.4,12.8,0.1032,Test,0.118577346,0.118840077,0.124149733,0.119662173
15-04-2025,0,30.03380547,2.488301686,38.19667629,23.298703,30.79918033,-0.0626,7.1,664,210,508,16.4,12.8,0.1154,Test,0.121376122,0.121585542,0.128530887,0.118579082
16-04-2025,0,30.76874695,2.072485588,38.09379355,23.35244175,30.52327088,-0.0494,7.1,664,210,508,16.4,12.8,0.1276,Test,0.123206701,0.12337475,0.129523243,0.118965246
17-04-2025,0,32.08061244,0.964031059,34.39502055,24.70741075,30.13120219,-0.0362,7.1,664,210,508,16.4,12.8,0.1398,Test,0.127744924,0.127863625,0.132467644,0.118478313
18-04-2025,0,32.42988803,2.442631925,40.87632636,25.75148738,30.64361436,-0.023,7.1,664,210,508,16.4,12.8,0.152,Test,0.126195285,0.126328622,0.132882826,0.117822863
19-04-2025,0,32.22634595,3.970034752,41.20947886,24.67966725,28.07588603,0.0765,7.1,664,210,508,16.4,12.8,0.22,Test,0.116333684,0.116287919,0.111829175,0.118055828
20-04-2025,0,31.88880755,2.955541916,40.39567975,23.05995825,26.1501444,0.176,7.1,664,210,508,16.4,12.8,0.288,Test,0.107234275,0.10693187,0.119852618,0.114828773
21-04-2025,0,31.71822446,1.750084575,19.48966166,26.35971938,31.62798595,0.06967,7.1,664,210,508,16.4,12.8,0.263,Test,0.120438836,0.120338767,0.119889383,0.108210392
22-04-2025,0,30.86297696,3.360335298,13.76322265,28.24196825,33.69794692,-0.03667,7.1,664,210,508,16.4,12.8,0.238,Test,0.126525628,0.126718376,0.12108883,0.105257504
23-04-2025,0,30.53498993,3.334670332,15.17035044,28.29203,34.02066354,-0.143,7.1,664,210,508,16.4,12.8,0.213,Test,0.133702338,0.134138765,0.159004118,0.103944317
24-04-2025,0,31.20865657,1.021537077,17.72742036,27.94404613,33.73129586,-0.1182,7.1,664,210,508,16.4,12.8,0.186,Test,0.134446774,0.134760991,0.141623179,0.103628851
25-04-2025,0,31.64722214,1.636389305,16.9089406,27.89117338,32.78375488,-0.0934,7.1,664,210,508,16.4,12.8,0.159,Test,0.133854787,0.134133239,0.132469085,0.108307123
26-04-2025,0,32.9262469,1.495641659,14.8041475,24.81964863,33.27023419,-0.0686,7.1,664,210,508,16.4,12.8,0.132,Test,0.138446994,0.138628972,0.144951954,0.116189182
27-04-2025,0,32.43473015,0.38740364,16.74204984,26.45885275,30.03411239,-0.0438,7.1,664,210,508,16.4,12.8,0.105,Test,0.132825736,0.132960516,0.138769743,0.12203595
28-04-2025,0,32.03888346,2.76778666,25.30822852,26.74092925,29.60032542,-0.019,7.1,664,210,508,16.4,12.8,0.078,Test,0.126690044,0.1268392,0.129889212,0.128005832
29-04-2025,0,31.09365425,3.561745978,37.51097027,26.79556763,29.7142963,-0.0265,7.1,664,210,508,16.4,12.8,0.07583,Test,0.120976479,0.121167856,0.118419949,0.131826133
30-04-2025,0,31.51424688,3.505589194,38.36907778,25.924549,26.82935018,-0.034,7.1,664,210,508,16.4,12.8,0.07367,Test,0.122408379,0.122627022,0.12075024,0.133954108
1/5/2025,3.222495466,31.08368581,3.883637197,40.40318358,24.79506225,30.79729118,-0.0415,7.5,456,180,185,21.6,15.1,0.0715,Test,0.126184578,0.126242648,0.11953204,0.133939937
2/5/2025,12.6635831,29.02315992,2.829892278,48.71093818,23.95622425,28.78365742,-0.049,7.5,456,180,185,21.6,15.1,0.06933,Test,0.117119354,0.117178417,0.120406378,0.131554142
3/5/2025,0,29.69537888,1.571290766,48.50141707,25.257899,26.77002365,-0.0565,7.5,456,180,185,21.6,15.1,0.06717,Test,0.119434059,0.119503119,0.122737856,0.130543843
4/5/2025,0,28.53731435,1.89856853,56.51263301,23.87000463,24.75638989,-0.064,7.5,456,180,185,21.6,15.1,0.065,Test,0.113604016,0.113705112,0.121564051,0.133029416
5/5/2025,0.41309014,27.54016202,2.418204359,59.72260029,22.24441875,26.82754311,-0.0715,7.5,456,180,185,21.6,15.1,0.06283,Test,0.110734998,0.110840948,0.128943422,0.135136276
6/5/2025,0.178507746,27.79982465,2.324957158,60.35463766,23.85947438,28.89869633,-0.079,7.5,456,180,185,21.6,15.1,0.06067,Test,0.112423606,0.112543559,0.133518412,0.132316217
7/5/2025,0.005573322,28.07132746,2.501665416,60.83371236,22.14773025,31.02698718,-0.0865,7.5,456,180,185,21.6,15.1,0.0585,Test,0.115197607,0.115308031,0.137977132,0.129791647
8/5/2025,0.66390531,29.31818479,2.171475045,55.41038366,22.670108,30.20989071,-0.094,7.5,456,180,185,21.6,15.1,0.05633,Test,0.121438403,0.121563474,0.142117116,0.126727909
9/5/2025,0.342748333,29.60575829,1.682269896,55.74175297,23.49149288,30.95590684,-0.1015,7.5,456,180,185,21.6,15.1,0.05417,Test,0.123216915,0.123347503,0.143454997,0.122713029
10/5/2025,0.123227503,29.9267657,0.208723351,61.09660889,22.74782488,31.70192298,-0.109,7.5,456,180,185,21.6,15.1,0.052,Test,0.124888544,0.12498427,0.17089412,0.120965384
11/5/2025,0,31.88892263,2.266433898,44.24945343,26.77761,32.44793911,-0.07967,7.5,456,180,185,21.6,15.1,0.06433,Test,0.13196067,0.132068039,0.148018456,0.122669168
12/5/2025,0,32.23741557,2.635629535,38.09510287,26.27155888,32.15521468,-0.05033,7.5,456,180,185,21.6,15.1,0.07667,Test,0.13213279,0.132178332,0.144091421,0.122878395
13-05-2025,0,32.88029823,2.766561453,33.16477474,26.59432163,31.86249024,-0.021,7.5,456,180,185,21.6,15.1,0.089,Test,0.133015243,0.132999348,0.138746351,0.123556741
14-05-2025,0,33.2884435,2.403415704,29.78095971,27.3570595,31.54565964,-0.032,7.5,456,180,185,21.6,15.1,0.1454,Test,0.13593178,0.135939171,0.139722461,0.123650014
15-05-2025,0,33.56953201,1.963831751,26.46386952,28.172805,28.24228728,-0.043,7.5,456,180,185,21.6,15.1,0.2018,Test,0.137358549,0.137409399,0.135295105,0.124092884
16-05-2025,0,34.34978256,1.497796364,26.42813436,26.8359845,33.50704918,-0.054,7.5,456,180,185,21.6,15.1,0.2582,Test,0.143598913,0.143610414,0.14726496,0.125109315
17-05-2025,1.05E-06,34.63497378,0.988499923,31.3623456,25.10891575,29.48825137,-0.065,7.5,456,180,185,21.6,15.1,0.3146,Test,0.143993844,0.144029581,0.146106755,0.128976405
18-05-2025,7.71E-08,34.5266599,1.218876535,38.49884758,26.68971625,32.78539422,-0.076,7.5,456,180,185,21.6,15.1,0.371,Test,0.14356293,0.143621991,0.157470111,0.131690621
19-05-2025,0.034903553,34.14891968,1.939866883,45.46493552,26.24328388,27.46676712,-0.0692,7.5,456,180,185,21.6,15.1,0.323,Test,0.138346803,0.138445251,0.14561571,0.13696067
20-05-2025,0.522205057,35.07435315,1.242710474,42.81912293,27.13060563,25.75090253,-0.0624,7.5,456,180,185,21.6,15.1,0.275,Test,0.141294732,0.141376009,0.138616816,0.142113268
21-05-2025,11.53992017,33.20916392,2.844161991,50.09943521,26.00840025,32.3769477,-0.0556,7.5,456,180,185,21.6,15.1,0.227,Test,0.13429225,0.134347546,0.14471463,0.146719873
22-05-2025,0,31.23512929,4.288900986,52.88157162,24.18947175,31.11135831,-0.0488,7.5,456,180,185,21.6,15.1,0.179,Test,0.125019917,0.125099147,0.131449511,0.150141001
23-05-2025,0,32.59417496,3.853797754,50.5708968,26.151707,29.84576893,-0.042,7.5,456,180,185,21.6,15.1,0.131,Test,0.12932817,0.129402644,0.134641234,0.149335772
24-05-2025,11.53992017,32.56885173,4.698534981,54.37605203,24.57178475,30.95107728,-0.045,7.5,456,180,185,21.6,15.1,0.1246,Test,0.129567179,0.129647258,0.126928626,0.146483138
25-05-2025,0,29.80989609,2.954450001,68.00121014,21.54147475,28.96265561,-0.048,7.5,456,180,185,21.6,15.1,0.1182,Test,0.116851071,0.11688949,0.128547902,0.14134343
26-05-2025,0,30.07797712,2.464538419,64.33491571,22.16551125,26.97423394,-0.051,7.5,456,180,185,21.6,15.1,0.1118,Test,0.118152568,0.118203515,0.127617228,0.136254847
27-05-2025,0,31.6183665,2.565104558,59.32086505,22.96376325,24.98581227,-0.054,7.5,456,180,185,21.6,15.1,0.1054,Test,0.124497694,0.124574637,0.130008017,0.132118076
28-05-2025,0,32.91996918,1.508170684,55.76928566,24.96762325,30.0330445,-0.057,7.5,456,180,185,21.6,15.1,0.099,Test,0.131851248,0.131884642,0.150645882,0.12804772
29-05-2025,0,33.17303937,0.689816131,54.11616408,21.69685913,29.97352849,-0.0556,7.5,456,180,185,21.6,15.1,0.1018,Test,0.134297989,0.13427589,0.141884191,0.125445619
30-05-2025,0,32.00727297,0.974535363,50.49382629,23.29263075,29.91401249,-0.0542,7.5,456,180,185,21.6,15.1,0.1046,Test,0.129731388,0.129731895,0.141415824,0.12388134
31-05-2025,0,33.37665647,0.551310417,40.97752049,24.96780725,29.85449649,-0.0528,7.5,456,180,185,21.6,15.1,0.1074,Test,0.136437568,0.136434191,0.145187287,0.122321919
1/6/2025,0,31.42938131,3.004401586,48.24614565,21.577155,29.03727557,-0.0514,7.4,344,140,540,13.6,13.8,0.1102,Test,0.128918348,0.128860003,0.123520638,0.122338489
2/6/2025,0,30.81996371,1.21283778,50.18957585,23.90988938,28.22005464,-0.05,7.4,344,140,540,13.6,13.8,0.113,Test,0.125491671,0.125411102,0.117161426,0.120119303
3/6/2025,0,29.27299525,0.582059392,57.53379562,23.13067925,28.84488941,-0.0588,7.4,344,140,540,13.6,13.8,0.1302,Test,0.11930279,0.119219331,0.125840385,0.120387353
4/6/2025,0,27.86338259,0.271121924,63.78223987,21.352985,29.46972417,-0.0676,7.4,344,140,540,13.6,13.8,0.1474,Test,0.114103786,0.114016416,0.130589046,0.121583462
5/6/2025,0,29.73334147,0.247758138,54.23988937,24.0769535,30.09455894,-0.0764,7.4,344,140,540,13.6,13.8,0.1646,Test,0.123391535,0.123337674,0.136462032,0.125673205
6/6/2025,0,31.19418996,0.432630664,48.43388321,23.55542175,32.3102498,-0.0852,7.4,344,140,540,13.6,13.8,0.1818,Test,0.1318343,0.13178016,0.143324048,0.131182402
7/6/2025,0,33.12494367,0.51370236,45.61534599,26.19505375,34.52594067,-0.094,7.4,344,140,540,13.6,13.8,0.199,Test,0.140544871,0.140515302,0.143202878,0.136642963
8/6/2025,0,34.63456561,0.833486443,43.19022883,25.89116875,32.86339578,-0.0846,7.4,344,140,540,13.6,13.8,0.1802,Test,0.145646381,0.145608058,0.139116352,0.145184591
9/6/2025,0,35.40984116,2.263688696,36.85266607,27.11553775,33.3971975,-0.0752,7.4,344,140,540,13.6,13.8,0.1614,Test,0.148588305,0.14857116,0.136423577,0.1530983
10/6/2025,0,35.59936676,1.700220186,29.10550155,27.6060185,35.19302888,-0.0658,7.4,344,140,540,13.6,13.8,0.1426,Test,0.150691602,0.150628039,0.137729759,0.15905048
11/6/2025,0,35.85481033,1.367999235,38.90497965,26.97654525,33.48765808,-0.0564,7.4,344,140,540,13.6,13.8,0.1238,Test,0.148707124,0.148619504,0.133057476,0.164697587
12/6/2025,0.464928972,36.58096911,2.620227462,42.44226444,25.364128,31.78228728,-0.047,7.4,344,140,540,13.6,13.8,0.105,Test,0.149715447,0.149635307,0.130844444,0.168584272
13-06-2025,0.048255197,35.12052244,3.74651555,53.08536565,23.36583275,30.43661983,-0.04683,7.4,344,140,540,13.6,13.8,0.10441,Test,0.141747661,0.141694219,0.132771438,0.170848548
14-06-2025,0.350569635,36.06872775,1.775854872,45.72448203,24.980964,29.23512635,-0.04666,7.4,344,140,540,13.6,13.8,0.10382,Test,0.146533276,0.146446254,0.129651644,0.170080945
15-06-2025,10.05092438,33.05676041,2.071349065,60.91116451,21.267781,28.92601228,-0.04649,7.4,344,140,540,13.6,13.8,0.10323,Test,0.132869662,0.132767248,0.119814527,0.168951079
16-06-2025,0,29.98535817,2.912878396,73.35457633,13.27184675,28.61689822,-0.04633,7.4,344,140,540,13.6,13.8,0.10264,Test,0.120383099,0.120244501,0.110453751,0.168639749
17-06-2025,38.21147323,29.20339355,1.402485204,80.246793,14.076025,28.30778415,-0.04616,7.4,344,140,540,13.6,13.8,0.10205,Test,0.116665168,0.116491152,0.10299432,0.163253725
18-06-2025,0,28.74500682,1.714852732,79.41361509,14.246609,27.99867008,-0.04599,7.4,344,140,540,13.6,13.8,0.10146,Test,0.114091424,0.11393746,0.102929057,0.157737494
19-06-2025,0,28.98151677,1.931734391,80.76012426,15.40407275,27.68955601,-0.04582,7.4,344,140,540,13.6,13.8,0.10087,Test,0.114208891,0.114072516,0.103736179,0.151739255
20-06-2025,0,28.69156736,3.189491052,81.21737336,12.52031025,27.38044194,-0.04565,7.4,344,140,540,13.6,13.8,0.10028,Test,0.113451553,0.113325416,0.10543893,0.143885002
21-06-2025,0,30.15904388,1.502592301,76.48839565,19.2270725,27.07132787,-0.04548,7.4,344,140,540,13.6,13.8,0.09969,Test,0.118339213,0.118225839,0.104993178,0.134047866
22-06-2025,17.44961764,30.99300474,1.116591381,74.03087066,19.92542625,27.00713501,-0.04532,7.4,344,140,540,13.6,13.8,0.09911,Test,0.122258023,0.122134809,0.107286209,0.125215575
23-06-2025,0,29.98692029,1.957252322,77.06179941,17.11992075,26.94294216,-0.04515,7.4,344,140,540,13.6,13.8,0.09852,Test,0.11803239,0.117912756,0.102973944,0.118631944
24-06-2025,0,30.48770739,1.598691266,77.17069574,20.0909195,26.8787493,-0.04498,7.4,344,140,540,13.6,13.8,0.09793,Test,0.119087125,0.11898349,0.103561118,0.112106577
25-06-2025,17.44961764,29.40324237,3.055001534,80.99857311,12.194049,26.81455644,-0.04481,7.4,344,140,540,13.6,13.8,0.09734,Test,0.116485272,0.116349297,0.103039572,0.106153302
26-06-2025,0,30.88310839,3.395097718,70.75587276,19.16063625,26.75036359,-0.04464,7.4,344,140,540,13.6,13.8,0.09675,Test,0.121663858,0.121598366,0.109039234,0.099565595
27-06-2025,0,30.79132106,2.658306937,71.74993119,18.682983,26.68617073,-0.04447,7.4,344,140,540,13.6,13.8,0.09616,Test,0.121418838,0.121329639,0.10930441,0.094011962
28-06-2025,9.576399724,29.80411301,1.451517193,79.80827642,18.72756025,26.62197787,-0.04431,7.4,344,140,540,13.6,13.8,0.09557,Test,0.116390197,0.116271034,0.100203276,0.090471454
29-06-2025,44.75349394,28.60814565,1.152300813,84.2772747,10.6810895,26.55778502,-0.04414,7.4,344,140,540,13.6,13.8,0.09498,Test,0.114056737,0.113853884,0.098249882,0.087815918
30-06-2025,0,27.83678716,0.857739881,85.16084562,10.6700065,26.49359216,-0.04397,7.4,344,140,540,13.6,13.8,0.09439,Test,0.110095708,0.109895495,0.102204834,0.08744853
1/7/2025,14.09450116,28.94032186,1.442867478,77.19775526,14.703339,26.4293993,-0.0438,7.6,424,210,175,12,7.3,0.0938,Test,0.120438133,0.120357788,0.099581797,0.087766662
2/7/2025,0.27760232,29.60797017,2.663885832,78.35481022,18.4216005,26.36520645,-0.04363,7.6,424,210,175,12,7.3,0.09321,Test,0.121032191,0.12101918,0.103173796,0.089824028
3/7/2025,0.037675456,29.66142108,2.688499675,78.07388038,16.6660255,26.31882286,-0.04346,7.6,424,210,175,12,7.3,0.09262,Test,0.121817156,0.121788606,0.103485251,0.087814651
4/7/2025,2.116073941,29.65777677,1.221883484,80.35503835,17.307717,26.27243927,-0.04329,7.6,424,210,175,12,7.3,0.09203,Test,0.121541682,0.121479362,0.101668148,0.085152879
5/7/2025,13.13436083,30.04939613,0.722142617,77.33562949,18.6409395,26.22605568,-0.04313,7.6,424,210,175,12,7.3,0.09144,Test,0.123555817,0.123488727,0.100942002,0.08469145
6/7/2025,13.12404499,28.85986036,0.831071253,84.36092749,15.8015285,26.1796721,-0.04296,7.6,424,210,175,12,7.3,0.09085,Test,0.118341883,0.118256007,0.100762458,0.08433684
7/7/2025,10.20763572,28.53320338,0.517887546,84.88548789,12.668723,26.13328851,-0.04279,7.6,424,210,175,12,7.3,0.09026,Test,0.117956648,0.117835324,0.099753735,0.08575163
8/7/2025,13.12404499,29.74381727,0.677259695,79.14572338,18.71719375,26.08690492,-0.04262,7.6,424,210,175,12,7.3,0.08967,Test,0.121898022,0.121831327,0.099210232,0.086555995
9/7/2025,27.87886373,28.718433,0.152625247,84.44085068,15.77306688,26.04052134,-0.04245,7.6,424,210,175,12,7.3,0.08908,Test,0.118139679,0.118032887,0.096406681,0.0873807
10/7/2025,0,26.80567385,1.307616093,91.4028418,7.66690725,25.99413775,-0.04228,7.6,424,210,175,12,7.3,0.08849,Test,0.111001225,0.110863023,0.100013734,0.091457158
11/7/2025,8.934356511,28.41099192,0.415594892,84.32710864,16.59832888,25.94775416,-0.04212,7.6,424,210,175,12,7.3,0.08791,Test,0.116225012,0.116137083,0.097737942,0.090314634
12/7/2025,16.34756374,29.05994504,0.268094789,83.07389587,20.3191575,25.90137058,-0.04195,7.6,424,210,175,12,7.3,0.08732,Test,0.11797638,0.117914903,0.097587004,0.089906216
13-07-2025,16.34756374,28.0872214,2.304094098,85.35751939,15.0609165,25.85498699,-0.04178,7.6,424,210,175,12,7.3,0.08673,Test,0.114816019,0.114764397,0.09843978,0.091521755
14-07-2025,0,27.59952952,4.716072538,84.28454085,14.75783963,25.8086034,-0.04161,7.6,424,210,175,12,7.3,0.08614,Test,0.112250817,0.112265516,0.100824823,0.095252134
15-07-2025,8.173781872,28.22832451,4.139280028,81.67070102,16.4927935,25.76221982,-0.04144,7.6,424,210,175,12,7.3,0.08555,Test,0.114954221,0.114965552,0.099069376,0.091401681
16-07-2025,5.903402776,28.2211071,2.597079545,85.43531535,14.37828413,25.71583623,-0.04127,7.6,424,210,175,12,7.3,0.08496,Test,0.115189467,0.115140818,0.098332484,0.086788274
17-07-2025,5.903402776,26.98236936,1.545180726,88.3011496,6.382195625,25.66945264,-0.04111,7.6,424,210,175,12,7.3,0.08437,Test,0.112562141,0.112416354,0.098252614,0.081773795
18-07-2025,5.903402776,28.82455088,5.035853277,74.71607847,17.8936615,25.62306905,-0.04094,7.6,424,210,175,12,7.3,0.08378,Test,0.117863611,0.117909628,0.096954616,0.07839448
19-07-2025,0,28.64699262,2.850894422,74.22684267,18.39623163,25.57668547,-0.04077,7.6,424,210,175,12,7.3,0.08319,Test,0.117548114,0.117541546,0.099138076,0.073889799
20-07-2025,5.903402776,29.08952738,2.142627577,72.68085256,19.26537513,25.53030188,-0.0406,7.6,424,210,175,12,7.3,0.0826,Test,0.119578688,0.119558404,0.097006158,0.071428783
21-07-2025,13.36629138,27.47384796,1.223150904,87.35165768,6.977574625,25.48391829,-0.04043,7.6,424,210,175,12,7.3,0.08201,Test,0.114591743,0.114439557,0.099957799,0.071094789
22-07-2025,0,28.78231646,1.263231196,82.46537029,14.184331,25.43753471,-0.04026,7.6,424,210,175,12,7.3,0.08142,Test,0.118115371,0.118027912,0.100807794,0.072348319
23-07-2025,8.195864568,27.36364136,1.613462836,90.1634734,6.544240125,25.39115112,-0.04009,7.6,424,210,175,12,7.3,0.08083,Test,0.113483481,0.11333923,0.098400693,0.073907822
24-07-2025,0,29.93275731,2.430418199,75.79650601,20.74702425,25.34476753,-0.03993,7.6,424,210,175,12,7.3,0.08024,Test,0.121493825,0.121493342,0.097389978,0.077315167
25-07-2025,5.433795333,30.4888766,1.605729775,76.63350391,21.15259675,25.33073066,-0.03976,7.6,424,210,175,12,7.3,0.07965,Test,0.12367631,0.123654478,0.091945958,0.078313015
26-07-2025,0,30.17816505,0.274450772,78.98659032,16.45929275,25.3166938,-0.03959,7.6,424,210,175,12,7.3,0.07906,Test,0.123722092,0.12362359,0.097698279,0.080121748
27-07-2025,0,30.04648043,1.702611144,78.04083156,17.758833,25.30265693,-0.03942,7.6,424,210,175,12,7.3,0.07847,Test,0.122582979,0.122534698,0.097996496,0.083342403
28-07-2025,0,29.87256076,0.473013177,80.21110425,19.747189,25.28862006,-0.03925,7.6,424,210,175,12,7.3,0.07788,Test,0.121143208,0.121080449,0.09735618,0.085806929
29-07-2025,0,27.72594414,1.196792682,88.77494652,10.66874438,25.27458319,-0.03908,7.6,424,210,175,12,7.3,0.07729,Test,0.113707538,0.113588459,0.101204223,0.08739382
30-07-2025,0,27.33109309,2.32712631,89.64081849,8.3244825,25.26054632,-0.03892,7.6,424,210,175,12,7.3,0.07671,Test,0.112417343,0.112308264,0.100501117,0.08868558
31-07-2025,57.36942609,26.47938182,2.172107266,93.16927562,6.040857125,25.24650945,-0.03875,7.6,424,210,175,12,7.3,0.07612,Test,0.110163001,0.110021082,0.098991186,0.08854837
1/8/2025,0,27.64140345,1.667860719,84.15452319,9.59640925,25.23247258,-0.03858,7.3,580,216,540,40.8,60,0.07553,Test,0.088176362,0.088190905,0.093661195,0.090851746
2/8/2025,14.9852217,28.15424627,2.551417584,82.80584036,13.25673288,25.21843571,-0.03841,7.3,580,216,540,40.8,60,0.07494,Test,0.089306573,0.089373498,0.093872414,0.087419085
3/8/2025,44.95566646,28.67536761,2.386159919,81.92943681,12.78542413,25.20439884,-0.03824,7.3,580,216,540,40.8,60,0.07435,Test,0.092240509,0.092291284,0.093733849,0.082774952
4/8/2025,14.9852217,27.64277802,1.473964074,86.09808482,8.567284625,25.19036197,-0.03807,7.3,580,216,540,40.8,60,0.07376,Test,0.088389729,0.088386244,0.094482017,0.079734609
5/8/2025,0,27.84333445,1.712040565,83.21700465,10.30692763,25.1763251,-0.03791,7.3,580,216,540,40.8,60,0.07317,Test,0.088843383,0.08886375,0.093479385,0.078286812
6/8/2025,0,28.59720383,2.132468645,77.53681902,18.13404988,25.16228824,-0.03774,7.3,580,216,540,40.8,60,0.07258,Test,0.090304406,0.090404311,0.094323,0.074186251
7/8/2025,0,29.40072912,3.178679175,70.7220512,20.78399263,25.14825137,-0.03757,7.3,580,216,540,40.8,60,0.07199,Test,0.09366984,0.093818665,0.0952032,0.071423464
8/8/2025,4.550807118,29.36210403,1.371850847,75.47812084,17.98748738,25.40199595,-0.0374,7.3,580,216,540,40.8,60,0.0714,Test,0.094094031,0.094166347,0.093914582,0.06582617
9/8/2025,34.67521675,26.06240044,1.96704202,91.2271538,3.574638,25.65574053,-0.03723,7.3,580,216,540,40.8,60,0.07081,Test,0.083074826,0.083035475,0.09439847,0.06258478
10/8/2025,0,28.28694115,1.82136995,78.82925097,12.8118005,25.90948511,-0.03706,7.3,580,216,540,40.8,60,0.07022,Test,0.090799936,0.090837136,0.092309936,0.060226176
11/8/2025,23.30940028,28.60513649,1.36229817,81.6189216,11.8775845,26.16322969,-0.03689,7.3,580,216,540,40.8,60,0.06963,Test,0.092402176,0.092411352,0.091674769,0.057307687
12/8/2025,1.04001234,28.44166908,2.191995108,79.66467381,18.08158088,26.41697427,-0.03673,7.3,580,216,540,40.8,60,0.06904,Test,0.089621446,0.08971164,0.093965394,0.055428986
13-08-2025,23.30940028,29.3291247,1.512557285,76.59565153,16.6868935,26.67071886,-0.03656,7.3,580,216,540,40.8,60,0.06845,Test,0.094807133,0.094857144,0.092670908,0.053621627
14-08-2025,23.30940028,26.96605199,1.160772138,91.38113179,7.549311625,26.92446344,-0.03639,7.3,580,216,540,40.8,60,0.06786,Test,0.085677094,0.085640646,0.093482529,0.052860599
15-08-2025,0,27.94182866,1.503162985,88.8948088,14.14052087,27.17820802,-0.03622,7.3,580,216,540,40.8,60,0.06727,Test,0.087454253,0.08748593,0.091939271,0.055527158
16-08-2025,0,29.15409877,1.743389254,82.61910875,16.80061563,27.4319526,-0.03605,7.3,580,216,540,40.8,60,0.06668,Test,0.092613129,0.092669066,0.092251911,0.055701897
17-08-2025,17.05990577,28.98384374,2.46811036,83.72753325,16.17688937,27.68569718,-0.03588,7.3,580,216,540,40.8,60,0.06609,Test,0.092109578,0.092174588,0.091071766,0.056458842
18-08-2025,0,28.95566775,2.911440089,82.43675784,16.82227825,27.93944176,-0.03572,7.3,580,216,540,40.8,60,0.06551,Test,0.091695097,0.091778797,0.090237271,0.058515258
19-08-2025,5.686635166,29.74695676,2.645656561,77.15799561,20.40023925,28.19318634,-0.03555,7.3,580,216,540,40.8,60,0.06492,Test,0.094949653,0.095052715,0.094214666,0.058396596
20-08-2025,0,28.93539581,3.009253102,79.27828186,19.86742838,26.94883751,-0.03538,7.3,580,216,540,40.8,60,0.06433,Test,0.090894342,0.091014501,0.091385412,0.057566527
21-08-2025,0,28.49437548,2.211530187,82.87272594,18.851098,25.70448868,-0.03521,7.3,580,216,540,40.8,60,0.06374,Test,0.088562832,0.088662461,0.093842237,0.056009032
22-08-2025,7.066266219,27.87979914,1.341107176,84.9351479,12.71069838,24.10632579,-0.03504,7.3,580,216,540,40.8,60,0.06315,Test,0.087519272,0.087551363,0.090081301,0.055123027
23-08-2025,14.13253244,27.50077845,1.964460403,86.86342746,12.96004488,22.50816289,-0.03487,7.3,580,216,540,40.8,60,0.06256,Test,0.084993616,0.085055781,0.091921692,0.055372734
24-08-2025,0,27.59343872,2.402702563,86.9557356,14.83494638,20.91,-0.03471,7.3,580,216,540,40.8,60,0.06197,Test,0.083831255,0.083935634,0.089830698,0.058457866
25-08-2025,7.629251858,25.96606407,3.910132215,91.79900669,5.59234275,21.40005168,-0.03454,7.3,580,216,540,40.8,60,0.06138,Test,0.079319345,0.07938006,0.088797459,0.05803794
26-08-2025,0,27.30374489,3.358529934,88.8460286,12.180311,21.89010336,-0.03437,7.3,580,216,540,40.8,60,0.06079,Test,0.08320681,0.083305923,0.089271049,0.057352085
27-08-2025,18.55398665,28.28277995,1.439540677,85.681691,15.82328488,22.38015504,-0.0342,7.3,580,216,540,40.8,60,0.0602,Test,0.087504127,0.087574373,0.092048049,0.054794732
28-08-2025,0,28.22944476,1.955882413,85.0266616,15.17028588,22.87020672,-0.03403,7.3,580,216,540,40.8,60,0.05961,Test,0.087308858,0.087386615,0.090950071,0.055381645
29-08-2025,34.31251605,26.98975398,3.024762977,89.23854192,12.042838,23.3602584,-0.03386,7.3,580,216,540,40.8,60,0.05902,Test,0.08309157,0.083163507,0.09130885,0.056920175
30-08-2025,0,27.47917964,2.564540362,87.30306581,13.08955363,23.85031008,-0.03369,7.3,580,216,540,40.8,60,0.05843,Test,0.08471125,0.084781078,0.090924704,0.056576751
31-08-2025,25.56899091,25.80716286,2.138261091,93.03484914,6.070950125,24.34036176,-0.03353,7.3,580,216,540,40.8,60,0.05784,Test,0.079976052,0.079967512,0.093237622,0.05500631
1/9/2025,29.0934873,25.19279633,3.281956325,94.83453789,6.218739125,24.83041344,-0.03336,6.6,424,190,144,16.8,5.4,0.05725,Test,0.098782894,0.098421432,0.120902804,0.055228289
2/9/2025,0,25.34982643,3.374099428,94.30989386,6.185652875,25.32046512,-0.03319,6.6,424,190,144,16.8,5.4,0.05666,Test,0.099110866,0.098752468,0.120592333,0.055366635
3/9/2025,46.6195999,26.40573845,1.768978097,90.51920839,11.32378625,25.8105168,-0.03302,6.6,424,190,144,16.8,5.4,0.05607,Test,0.103781301,0.103410681,0.117974559,0.0546402
4/9/2025,29.0934873,27.80704969,1.929260162,82.95528389,18.373436,26.30056848,-0.03285,6.6,424,190,144,16.8,5.4,0.05548,Test,0.108321021,0.108013335,0.116393114,0.056823812
5/9/2025,0,27.40387942,3.773534471,84.69985098,13.61204488,26.79062016,-0.03268,6.6,424,190,144,16.8,5.4,0.05489,Test,0.107044026,0.106745271,0.117186588,0.059413116
6/9/2025,0,27.60403722,3.192562715,86.5965097,12.64750438,27.21974828,-0.03252,6.6,424,190,144,16.8,5.4,0.05431,Test,0.108040731,0.107713706,0.117749653,0.060589008
7/9/2025,39.45698857,27.67513682,2.221901713,85.9527617,15.969687,27.6488764,-0.03235,6.6,424,190,144,16.8,5.4,0.05372,Test,0.108485792,0.108152041,0.115786709,0.062388629
8/9/2025,0,27.93609263,0.726081603,83.99705831,18.01951563,28.005431,-0.03218,6.6,424,190,144,16.8,5.4,0.05313,Test,0.109031872,0.108679925,0.116920624,0.066049598
9/9/2025,0,28.67774798,3.008781051,75.63503618,19.05393175,28.3619856,-0.03201,6.6,424,190,144,16.8,5.4,0.05254,Test,0.112771574,0.112484437,0.119376693,0.071129255
10/9/2025,0,28.48286209,4.67968244,71.85534184,20.4284915,28.7185402,-0.03184,6.6,424,190,144,16.8,5.4,0.05195,Test,0.111982098,0.111749681,0.11689842,0.073433541
11/9/2025,0,27.78740527,3.650914403,72.80219815,19.58461813,28.47648712,-0.03167,6.6,424,190,144,16.8,5.4,0.05136,Test,0.109515675,0.109251471,0.121904631,0.076214902
12/9/2025,0,27.81694946,2.591939356,75.21447223,18.61874875,28.23443404,-0.03151,6.6,424,190,144,16.8,5.4,0.05077,Test,0.109647445,0.109347483,0.121802315,0.076634184
13-09-2025,0,28.11508776,1.820634323,77.37071541,16.45115038,28.88961488,-0.03134,6.6,424,190,144,16.8,5.4,0.05018,Test,0.111483928,0.111137708,0.118827462,0.082478113
14-09-2025,0,28.7934363,2.18619213,73.61190564,19.05272025,29.54479573,-0.03117,6.6,424,190,144,16.8,5.4,0.04959,Test,0.114166489,0.113846331,0.122150833,0.086348936
15-09-2025,0,28.79021034,2.03148406,71.73489505,20.06271563,30.19997658,-0.031,6.6,424,190,144,16.8,5.4,0.049,Test,0.114447958,0.114127619,0.12510312,0.094844326
16-09-2025,0,28.17439677,0.627956044,78.05787705,19.39747475,29.61648712,-0.0268,6.6,424,190,144,16.8,5.4,0.0442,Test,0.110826661,0.110459476,0.115298673,0.097069718
17-09-2025,0,28.01181183,0.463199133,82.35015837,18.47010875,29.03299766,-0.0226,6.6,424,190,144,16.8,5.4,0.0394,Test,0.109141282,0.108756579,0.115335358,0.098553389
18-09-2025,8.737451077,28.40914497,0.421167383,82.19256169,17.70427425,29.3284179,-0.0184,6.6,424,190,144,16.8,5.4,0.0346,Test,0.1108988,0.110491383,0.114571406,0.108751014
19-09-2025,0,28.55476278,0.696771111,78.98517467,18.02148363,29.62383815,-0.0142,6.6,424,190,144,16.8,5.4,0.0298,Test,0.111531438,0.111123394,0.113962612,0.117203593
20-09-2025,0,28.41269519,2.525028627,71.53643579,19.62918613,29.91925839,-0.01,6.6,424,190,144,16.8,5.4,0.025,Test,0.111215185,0.110858879,0.118505225,0.120139241
21-09-2025,0,28.1658315,2.398332032,69.98475368,20.46775425,30.35083528,-0.0132,6.6,424,190,144,16.8,5.4,0.0392,Test,0.110724568,0.110377405,0.121779272,0.120273717
22-09-2025,0,28.42863617,2.695375437,65.67561298,19.38414107,30.78241218,-0.0164,6.6,424,190,144,16.8,5.4,0.0534,Test,0.113280725,0.112934785,0.125829434,0.124691211
23-09-2025,0,27.94748586,2.914371324,63.27050901,21.1305268,30.24736144,-0.0196,6.6,424,190,144,16.8,5.4,0.0676,Test,0.111342793,0.111031099,0.127943257,0.121907741
24-09-2025,0,27.36733462,2.88513508,63.37232063,21.37489531,30.57413739,-0.0228,6.6,424,190,144,16.8,5.4,0.0818,Test,0.109345801,0.109042358,0.130116396,0.1172994
25-09-2025,0,27.71447525,2.58638453,65.70188595,21.09914575,30.52884465,-0.026,6.6,424,190,144,16.8,5.4,0.096,Test,0.110655495,0.110348366,0.129218657,0.112299554
26-09-2025,0,28.10814883,2.554921334,66.32484975,21.25377656,28.57701015,-0.034,6.6,424,190,144,16.8,5.4,0.1075,Test,0.112042655,0.111767343,0.12193351,0.108821541
27-09-2025,0,29.26402308,1.264735988,70.54785481,20.3155465,31.58119438,-0.042,6.6,424,190,144,16.8,5.4,0.119,Test,0.118012548,0.117687863,0.126335898,0.106568277
28-09-2025,0,29.82255707,2.753715347,70.64888732,17.77484563,29.27459016,-0.046,6.6,424,190,144,16.8,5.4,0.1155,Test,0.120163965,0.119880141,0.132977797,0.107670128
29-09-2025,0,29.27801984,1.621593384,74.19115921,17.73885931,29.37001561,-0.05,6.6,424,190,144,16.8,5.4,0.112,Test,0.117992733,0.117688676,0.136203543,0.107845157
30-09-2025,34.83835761,27.93835983,0.763040156,79.75140944,16.12366856,29.16100703,-0.054,6.6,424,190,144,16.8,5.4,0.1085,Test,0.113262915,0.112929989,0.132520596,0.109468624
1/10/2025,0,27.54106738,0.666392559,75.7987647,15.20264475,28.95199844,-0.058,7.6,504,220,196,18.8,4,0.105,Test,0.111473999,0.111469705,0.133101855,0.114856474
2/10/2025,45.16890502,26.2915919,2.043686988,84.3216195,14.8329525,28.74298985,-0.062,7.6,504,220,196,18.8,4,0.1015,Test,0.105705415,0.105741744,0.130006112,0.117742807
3/10/2025,0,26.94109751,1.060906183,79.95993935,16.0026245,30.01810198,-0.066,7.6,504,220,196,18.8,4,0.098,Test,0.108935685,0.108962276,0.133764876,0.12185619
4/10/2025,0,27.38674952,2.55187621,70.79593687,18.37685631,29.03410617,-0.07,7.6,504,220,196,18.8,4,0.0945,Test,0.111355797,0.111458168,0.137861122,0.122158572
5/10/2025,0,27.51191228,1.78845939,72.03252517,18.36864919,28.00494351,-0.074,7.6,504,220,196,18.8,4,0.091,Test,0.111792262,0.111890363,0.137908558,0.118649393
6/10/2025,1.792715284,23.88972054,0.768074122,88.93655607,9.475941125,26.97578084,-0.0574,7.6,504,220,196,18.8,4,0.0912,Test,0.095678846,0.095649739,0.102447885,0.114084505
7/10/2025,2.546630705,22.73374964,0.623364312,87.97736255,10.37890461,25.94661818,-0.0408,7.6,504,220,196,18.8,4,0.0914,Test,0.089414392,0.089362005,0.084729473,0.109375596
8/10/2025,0.489087369,22.89410744,1.838140627,84.06860551,14.64347332,25.39656826,-0.0242,7.6,504,220,196,18.8,4,0.0916,Test,0.087571972,0.087556283,0.082092533,0.104359053
9/10/2025,0.034140832,23.12329763,2.559322307,72.19770878,18.46601993,24.84651835,-0.0076,7.6,504,220,196,18.8,4,0.0918,Test,0.087884021,0.087886554,0.077223925,0.097989857
10/10/2025,5.54E-07,22.47480545,1.800067538,72.3105496,18.9170625,26.1417096,0.009,7.6,504,220,196,18.8,4,0.092,Test,0.084452384,0.084393097,0.08998003,0.090089306
11/10/2025,0,22.94472847,1.922987276,70.59021358,18.1752165,26.56192818,-0.0008,7.6,504,220,196,18.8,4,0.097,Test,0.087775549,0.087730814,0.086335188,0.082583189
12/10/2025,0,23.19482193,2.236296584,69.83278132,19.54971138,26.98214676,-0.0106,7.6,504,220,196,18.8,4,0.102,Test,0.089320512,0.089315476,0.085609575,0.075397141
13-10-2025,0,23.29502004,1.446835302,69.61781907,19.37788088,26.80103825,-0.0204,7.6,504,220,196,18.8,4,0.107,Test,0.090757312,0.090753072,0.088967721,0.069674291
14-10-2025,0,23.69338442,0.428531425,64.37478869,19.5410295,27.39992974,-0.0302,7.6,504,220,196,18.8,4,0.112,Test,0.094573558,0.094560102,0.094228517,0.065969624
15-10-2025,0,23.66202507,0.778342724,63.60329182,18.935746,27.28200625,-0.04,7.6,504,220,196,18.8,4,0.117,Test,0.095462351,0.095476235,0.096806514,0.067374371
16-10-2025,0,23.79534556,0.900172671,64.05683585,19.25998213,27.03437158,-0.021,7.6,504,220,196,18.8,4,0.1195,Test,0.094132876,0.094110595,0.092652791,0.067669064
17-10-2025,0,24.28414879,1.165147788,72.07591421,18.73695775,26.78673692,-0.002,7.6,504,220,196,18.8,4,0.122,Test,0.092923853,0.092861109,0.099031282,0.071752824
18-10-2025,0,24.669465,0.478228268,72.11325913,17.11140138,27.50241218,-0.01267,7.6,504,220,196,18.8,4,0.123,Test,0.09622978,0.09615209,0.097899411,0.072092637
19-10-2025,0,24.77497508,0.773315907,70.51555472,16.36956863,26.85254489,-0.02333,7.6,504,220,196,18.8,4,0.124,Test,0.09777255,0.097724785,0.102216835,0.073135324
20-10-2025,0,25.67398478,0.62165689,65.14944968,17.09936975,27.69910226,-0.034,7.6,504,220,196,18.8,4,0.125,Test,0.103317732,0.103287894,0.123463706,0.073946588
21-10-2025,0,24.56733729,0.300998856,77.66651826,13.85159875,27.03345824,-0.0304,7.6,504,220,196,18.8,4,0.1174,Test,0.097097871,0.097030733,0.098050889,0.076771781
22-10-2025,0,24.45705566,1.432222105,67.64540819,16.40481925,26.36781421,-0.0268,7.6,504,220,196,18.8,4,0.1098,Test,0.09703423,0.09701666,0.097111995,0.079668969
23-10-2025,0,23.73027,1.569678309,60.74787402,18.33599675,25.9226776,-0.0232,7.6,504,220,196,18.8,4,0.1022,Test,0.094466531,0.094466738,0.088945234,0.08116895
24-10-2025,0,23.87247238,0.697188517,60.00235492,18.06781838,25.76044496,-0.0196,7.6,504,220,196,18.8,4,0.0946,Test,0.095142933,0.095109631,0.085936876,0.081286103
25-10-2025,0,24.23393593,0.138879106,55.37052757,17.7562455,26.1024434,-0.016,7.6,504,220,196,18.8,4,0.087,Test,0.097548338,0.097484962,0.087698751,0.081358299
26-10-2025,0,24.14967626,0.307393415,56.36394833,18.15147625,25.68380172,-0.02067,7.6,504,220,196,18.8,4,0.08017,Test,0.097091872,0.097050721,0.088611527,0.082107849
27-10-2025,0,23.20976855,0.89195069,71.06784052,11.843112,22.11,-0.02533,7.6,504,220,196,18.8,4,0.07333,Test,0.091541622,0.091499109,0.068503266,0.082897961
28-10-2025,15.02549052,21.52171288,1.358020327,75.15656944,11.467245,22.58247151,-0.03,7.6,504,220,196,18.8,4,0.0665,Test,0.084913562,0.084890263,0.074036069,0.081828177
29-10-2025,0,23.59847285,0.932285905,72.1082907,16.1010925,23.05494301,-0.03467,7.6,504,220,196,18.8,4,0.05967,Test,0.092560785,0.092571838,0.078068303,0.078865878
30-10-2025,0,22.99821116,1.115343921,82.92481649,6.81235525,23.52741452,-0.03933,7.6,504,220,196,18.8,4,0.05283,Test,0.091501695,0.091443152,0.079732906,0.076717339
31-10-2025,0,23.7668822,1.179657845,76.08494953,13.05423375,23.99988603,-0.044,7.6,504,220,196,18.8,4,0.046,Test,0.094404482,0.094409002,0.086463827,0.074081466
1/11/2025,0,23.56714592,2.091564045,63.07821493,16.404519,24.47235753,-0.04867,7.8,480,190,256,16.4,3.6,0.03917,Test,0.096693262,0.096810036,0.083642341,0.072436929
2/11/2025,0,22.86030858,2.886414771,56.30759641,17.13422075,24.96108509,-0.05333,7.8,480,190,256,16.4,3.6,0.03233,Test,0.09536578,0.095519354,0.091241401,0.070512928
3/11/2025,0,22.26362317,1.770122466,53.22461877,17.44706275,22.57104606,-0.058,7.8,480,190,256,16.4,3.6,0.0255,Test,0.093430236,0.093586075,0.076200513,0.06805481
4/11/2025,0,21.50454419,2.115754532,63.92126856,13.569156,23.61395349,-0.06267,7.8,480,190,256,16.4,3.6,0.01867,Test,0.09019334,0.090329668,0.08928935,0.065782793
5/11/2025,0,22.61719856,1.788992747,61.85490086,16.37667825,24.06369243,-0.06733,7.8,480,190,256,16.4,3.6,0.01183,Test,0.094684714,0.09484182,0.065462374,0.064375803
6/11/2025,0,19.53573252,3.076574633,43.26246383,17.63004975,22.60542545,-0.072,7.8,480,190,256,16.4,3.6,0.005,Test,0.08546378,0.085695808,0.070795211,0.063783318
7/11/2025,0,19.22404251,2.831215664,48.16949562,17.225814,22.30537861,-0.07933,7.8,480,190,256,16.4,3.6,0.054,Test,0.083956905,0.084199074,0.073989335,0.061941162
8/11/2025,0,18.61496506,2.559954731,46.75348651,17.417209,20.83229508,-0.08667,7.8,480,190,256,16.4,3.6,0.103,Test,0.081974436,0.082240239,0.075303253,0.059879102
9/11/2025,0,18.67138761,2.680373716,50.15656418,17.15902275,21.1332943,-0.094,7.8,480,190,256,16.4,3.6,0.152,Test,0.08226389,0.082545444,0.088531928,0.0580668
10/11/2025,0,18.40268987,2.025364715,52.92631103,16.96663725,20.29,-0.089,7.8,480,190,256,16.4,3.6,0.132,Test,0.080210689,0.080468459,0.082595848,0.056820679
11/11/2025,0,18.47484296,2.748376947,50.569625,16.85503725,20.07078064,-0.084,7.8,480,190,256,16.4,3.6,0.112,Test,0.080327738,0.080593525,0.074467613,0.057797637
12/11/2025,0,18.64636256,2.932730439,53.12139862,16.7405815,20.74870414,-0.079,7.8,480,190,256,16.4,3.6,0.092,Test,0.080296379,0.080549404,0.073684442,0.059665274
13-11-2025,0,18.26963832,2.67408956,52.92068032,16.5881465,19.05086432,-0.074,7.8,480,190,256,16.4,3.6,0.072,Test,0.078011975,0.078258402,0.07225023,0.059491925
14-11-2025,0,17.36823997,2.356374768,56.73849952,16.51641275,19.46537861,-0.069,7.8,480,190,256,16.4,3.6,0.052,Test,0.073555705,0.073781524,0.066732655,0.060697932
15-11-2025,0,17.72776248,2.600772881,56.66619406,16.449595,19.5270726,-0.0646,7.8,480,190,256,16.4,3.6,0.0544,Test,0.074598486,0.074818579,0.068889311,0.061075803
16-11-2025,0,17.51687711,2.659324007,56.45350945,16.396492,19.58876659,-0.0602,7.8,480,190,256,16.4,3.6,0.0568,Test,0.073478053,0.073689272,0.068894033,0.060486563
17-11-2025,0,17.97929153,1.309266338,59.28964726,16.068036,20.53674569,-0.0558,7.8,480,190,256,16.4,3.6,0.0592,Test,0.07514284,0.075296734,0.074993012,0.059711974
18-11-2025,0,17.86334953,1.790850144,66.44243595,15.70535125,18.34035129,-0.0514,7.8,480,190,256,16.4,3.6,0.0616,Test,0.072173492,0.072343547,0.082211889,0.05967205
19-11-2025,0,18.75885925,0.567944275,68.72819821,15.45388325,20.29156128,-0.047,7.8,480,190,256,16.4,3.6,0.064,Test,0.075917094,0.076025407,0.076601632,0.060433015
20-11-2025,0,19.45739899,0.281666075,68.71237827,15.30866325,20.09088212,-0.0354,7.8,480,190,256,16.4,3.6,0.0594,Test,0.077771554,0.07784343,0.074750346,0.061673317
21-11-2025,0.091341745,19.29182205,0.586907516,70.20560762,14.93860625,19.89020297,-0.0238,7.8,480,190,256,16.4,3.6,0.0548,Test,0.075854962,0.075906975,0.077612394,0.063551158
22-11-2025,0,18.77139371,0.863755096,66.70830491,14.9820855,20.49534447,-0.0122,7.8,480,190,256,16.4,3.6,0.0502,Test,0.073677524,0.073707595,0.074322355,0.065194428
23-11-2025,0,17.77043368,1.560890816,68.22698046,15.16224775,18.46181889,-0.0006,7.8,480,190,256,16.4,3.6,0.0456,Test,0.067597755,0.067639156,0.085844653,0.066052586
24-11-2025,1.089060473,17.22399864,1.556168855,68.0073425,15.1453155,19.3520765,0.011,7.8,480,190,256,16.4,3.6,0.041,Test,0.064875209,0.064884666,0.087186834,0.06569159
25-11-2025,0,16.42919057,2.137761238,62.90171711,15.26622225,16.28327088,-0.005,7.8,480,190,256,16.4,3.6,0.0775,Test,0.06285503,0.062942193,0.073502524,0.064531311
26-11-2025,0,16.53859736,1.270485319,62.79065296,15.2249515,18.05590164,-0.021,7.8,480,190,256,16.4,3.6,0.114,Test,0.065432649,0.065520014,0.069841904,0.062645964
27-11-2025,0.048438886,15.57569466,1.413258526,65.20084772,15.195461,19.29623853,-0.03067,7.8,480,190,256,16.4,3.6,0.10267,Test,0.06234496,0.062452435,0.066549858,0.061371904
28-11-2025,0,17.02206828,2.54419938,59.13584917,14.63804975,18.31429352,-0.04033,7.8,480,190,256,16.4,3.6,0.09133,Test,0.069561086,0.069718235,0.066368349,0.060342543
29-11-2025,0,17.3498525,2.871236934,52.42120106,14.53925225,19.02131928,-0.05,7.8,480,190,256,16.4,3.6,0.08,Test,0.073145349,0.073326038,0.080184782,0.058557123
30-11-2025,1.69934169,15.51839155,2.836796699,48.39247174,14.2535175,18.1886573,-0.0494,7.8,480,190,256,16.4,3.6,0.0734,Test,0.066575801,0.066762428,0.065602162,0.056384366
1/12/2025,0,14.94106827,0.88636675,56.06569953,15.18637175,17.35599532,-0.0488,7.8,480,190,256,16.4,3.6,0.0668,Test,0.062652522,0.062802567,0.064684979,0.05390982
2/12/2025,0,16.37439372,1.516405381,60.09004125,14.3844075,19.1629588,-0.0482,7.8,480,190,256,16.4,3.6,0.0602,Test,0.068104432,0.068245789,0.067184751,0.052531216
3/12/2025,0,14.67295736,2.50539272,57.58014019,15.0841295,16.84083528,-0.0476,7.8,480,190,256,16.4,3.6,0.0536,Test,0.060636823,0.060831278,0.06425929,0.052265316
4/12/2025,0,14.35926654,2.782985164,56.1065287,14.9588465,16.68456674,-0.047,7.8,480,190,256,16.4,3.6,0.047,Test,0.059566514,0.05976784,0.062414562,0.050856624
5/12/2025,0,14.51652107,2.30465041,62.79951055,14.718048,15.13473438,-0.0464,7.8,480,190,256,16.4,3.6,0.0404,Test,0.05849665,0.058692737,0.064030558,0.048942994
6/12/2025,0,16.13303464,3.32763619,52.01938218,14.36925,16.0434114,-0.0458,7.8,480,190,256,16.4,3.6,0.0338,Test,0.067068092,0.067274753,0.065766252,0.04752358
7/12/2025,0,16.59862607,3.188484514,53.32944839,14.40916175,17.0920765,-0.0452,7.8,480,190,256,16.4,3.6,0.0272,Test,0.068952709,0.069145817,0.067167827,0.045675572
8/12/2025,0,17.1806071,3.539594784,50.84813381,14.4669795,16.6073146,-0.0446,7.8,480,190,256,16.4,3.6,0.0206,Test,0.071408126,0.071611292,0.067805294,0.044199437
9/12/2025,0,16.55940081,3.358643664,50.84225657,14.68878825,16.19745511,-0.044,7.8,480,190,256,16.4,3.6,0.014,Test,0.068767887,0.068971646,0.067151653,0.04259165
10/12/2025,3.186344758,16.04727643,2.411158252,59.27836514,14.44496025,15.78759563,0.034,7.8,480,190,256,16.4,3.6,0.003,Test,0.058991622,0.058992552,0.082926687,0.04116131
11/12/2025,0.292572156,15.76242472,2.125132163,64.59616086,14.275909,17.17337237,0.112,7.8,480,190,256,16.4,3.6,-0.008,Test,0.051008023,0.050811881,0.097274653,0.039911944
12/12/2025,0,15.8570413,0.453129695,70.71170918,14.13855775,18.72889149,0.19,7.8,480,190,256,16.4,3.6,-0.019,Test,0.044813219,0.044380304,0.099638011,0.039219823
13-12-2025,0,16.60908788,1.321464296,71.96779231,13.84166425,16.01471507,0.268,7.8,480,190,256,16.4,3.6,-0.03,Test,0.04014163,0.039566762,0.108689498,0.040386088
14-12-2025,0,16.77612203,0.391278445,73.29756674,13.40687625,17.31,0.346,7.8,480,190,256,16.4,3.6,-0.041,Test,0.035000745,0.034207486,0.109429386,0.041723058
15-12-2025,0,16.45369809,2.409119781,70.97512445,14.212374,16.93747853,0.424,7.8,480,190,256,16.4,3.6,-0.052,Test,0.026942961,0.026034873,0.112482487,0.044445708
16-12-2025,0,16.56757126,3.223076486,68.24315922,14.2500225,16.56495706,0.502,7.8,480,190,256,16.4,3.6,-0.063,Test,0.021240698,0.020177095,0.112933866,0.046420693
17-12-2025,0,16.30745023,2.716081199,68.21926703,14.19477775,17.71797814,0.43288,7.8,480,190,256,16.4,3.6,-0.05412,Test,0.026376756,0.025450906,0.11256358,0.049189985
18-12-2025,0,15.28553289,1.788903558,77.90501932,13.3422285,16.28291557,0.36375,7.8,480,190,256,16.4,3.6,-0.04525,Test,0.026110303,0.025325338,0.109473164,0.052148476
19-12-2025,0,15.250582,2.332101095,71.99501003,13.89005375,14.847853,0.29462,7.8,480,190,256,16.4,3.6,-0.03637,Test,0.031979561,0.031383379,0.110489423,0.054688077
20-12-2025,0,13.90884107,0.977259874,79.23887419,13.35941925,15.03010716,0.2255,7.8,480,190,256,16.4,3.6,-0.0275,Test,0.031486797,0.03101212,0.105804978,0.056047894
